Date,Adjusted Price,Returns,Volatility
2012-11-06,109.27,0.0348517852,0.0001933801
2012-11-07,108.21,-0.0097007413,0.0001878328
2012-11-08,107.23,-0.0090564643,0.0001716197
2012-11-09,108.61,0.0128695328,0.0001782282
2012-11-12,110.23,0.0149157536,0.0001819472
2012-11-13,108.82,-0.0127914361,0.0001868933
2012-11-14,109.66,0.0077191693,0.0001625955
2012-11-15,110.07,0.0037388291,0.0001592268
2012-11-16,106.81,-0.0296175161,0.000178941
2012-11-19,110.06,0.0304278626,0.00021238
2012-11-20,110.01,-0.0004542977,0.0002033429
2012-11-21,110.81,0.0072720662,0.0001959479
2012-11-22,110.81,0,0.0001958742
2012-11-23,110.14,-0.0060463857,0.0001947912
2012-11-26,110.18,0.0003631741,0.0001948935
2012-11-27,109.33,-0.0077146488,0.0001961685
2012-11-28,108.26,-0.0097868837,0.00019388
2012-11-29,110.47,0.0204138186,0.0002080018
2012-11-30,110.84,0.0033493256,0.0002073367
2012-12-03,111.27,0.0038794659,0.0001933487
2012-12-04,109.99,-0.0115035499,0.0001850031
2012-12-05,108.96,-0.0093644877,0.000188463
2012-12-06,108.01,-0.0087187959,0.0001912883
2012-12-07,107.16,-0.0078696417,0.0001885371
2012-12-10,108.25,0.0101717059,0.0001917141
2012-12-11,107.6,-0.0060046189,0.0001927831
2012-12-12,110.17,0.0238847584,0.0002119461
2012-12-13,110.18,9.07688118362995E-05,0.0002085671
2012-12-14,109.28,-0.0081684516,0.0001981303
2012-12-17,109.35,0.0006405564,0.0001929206
2012-12-18,109.96,0.0055784179,0.0001536674
2012-12-19,109.95,-9.09421607856576E-05,0.0001501284
2012-12-20,110.57,0.0056389268,0.000147536
2012-12-21,109.13,-0.0130234241,0.0001488565
2012-12-24,108.44,-0.0063227344,0.0001423832
2012-12-25,108.44,0,0.0001369738
2012-12-26,110.72,0.0210254519,0.0001500058
2012-12-27,110.04,-0.0061416185,0.00015098
2012-12-28,110.05,0.000090876,0.0001195873
2012-12-31,110.8,0.0068150841,9.03381495951859E-05
2013-01-01,110.8,0,9.03224366095387E-05
2013-01-02,112.98,0.0196750903,0.0001014295
2013-01-03,113.03,0.0004425562,0.0001014148
2013-01-04,112.58,-0.0039812439,0.0001005947
2013-01-07,112.49,-0.0007994315,0.0001006731
2013-01-08,113.03,0.0048004267,9.85965035640881E-05
2013-01-09,113.07,0.0003538883,9.43703257826769E-05
2013-01-10,112.97,-0.0008844079,8.17026255766877E-05
2013-01-11,110.3,-0.0236345933,0.0001012024
2013-01-14,111.32,0.0092475068,0.0001036414
2013-01-15,111.72,0.0035932447,9.91938772440589E-05
2013-01-16,110.97,-0.0067132116,0.000097612
2013-01-17,111.01,0.0003604578,9.44893798592768E-05
2013-01-18,111.71,0.0063057382,9.25562608314832E-05
2013-01-21,111.71,0,0.000089874
2013-01-22,112.72,0.0090412676,9.00554640322629E-05
2013-01-23,113.68,0.0085166785,0.000074303
2013-01-24,114.59,0.0080049261,7.58498181813249E-05
2013-01-25,113.88,-0.0061960031,7.46852842293739E-05
2013-01-28,113.92,0.0003512469,7.47034553761301E-05
2013-01-29,115.22,0.0114115169,7.7517802213991E-05
2013-01-30,115.42,0.0017358098,7.74164799057199E-05
2013-01-31,115.55,0.0011263213,7.68560765608417E-05
2013-02-01,115.55,0,6.9459235952787E-05
2013-02-04,116.06,0.0044136737,6.7182896364293E-05
2013-02-05,117.03,0.008357746,6.81863266766551E-05
2013-02-06,116.61,-0.0035888234,5.70653386993579E-05
2013-02-07,117.17,0.0048023326,5.50962832207174E-05
2013-02-08,118.9,0.0147648716,6.02187066221233E-05
2013-02-11,118.29,-0.0051303616,6.15115364045183E-05
2013-02-12,117.89,-0.00338152,6.24086829137797E-05
2013-02-13,118.43,0.0045805412,5.17076524488366E-05
2013-02-14,118.48,0.0004221903,5.17092873269083E-05
2013-02-15,117.4,-0.0091154625,5.45627830599811E-05
2013-02-18,117.4,0,5.44614523432829E-05
2013-02-19,117.04,-0.0030664395,5.47074548674245E-05
2013-02-20,116.23,-0.0069207109,5.68905733537239E-05
2013-02-21,114.19,-0.0175514067,6.82551007953801E-05
2013-02-22,113.74,-0.0039408004,4.85515589114311E-05
2013-02-25,114.55,0.0071215052,0.0000475
2013-02-26,112.96,-0.0138804016,5.45246021734048E-05
2013-02-27,112.24,-0.0063739377,5.43621339852749E-05
2013-02-28,112.2,-0.0003563792,5.43814990619001E-05
2013-03-01,110.14,-0.0183600713,6.45844238784876E-05
2013-03-04,109.9,-0.0021790449,6.4676517126229E-05
2013-03-05,110.42,0.0047315742,6.24559034313256E-05
2013-03-06,110.27,-0.0013584496,5.94590534453173E-05
2013-03-07,110.42,0.0013602975,5.68107301591653E-05
2013-03-08,108.91,-0.0136750589,6.12484101103008E-05
2013-03-11,108.64,-0.0024791112,6.11625464392386E-05
2013-03-12,108.48,-0.0014727541,5.51779306548011E-05
2013-03-13,107.51,-0.0089417404,5.62416678356666E-05
2013-03-14,108.1,0.0054878616,5.79173354656296E-05
2013-03-15,109.32,0.0112858464,6.38683403263656E-05
2013-03-18,108.54,-0.0071350165,6.33533420797147E-05
2013-03-19,106.91,-0.0150175051,6.45471476858544E-05
2013-03-20,108.27,0.0127209803,7.27281236810037E-05
2013-03-21,106.41,-0.017179274,7.78624785882599E-05
2013-03-22,106.51,0.0009397613,6.71354062817648E-05
2013-03-25,106.66,0.0014083185,6.78834448189735E-05
2013-03-26,107.1,0.0041252578,0.000069777
2013-03-27,108.51,0.0131652661,7.68167860999458E-05
2013-03-28,108.46,-0.000460787,0.000076642
2013-03-29,108.46,0,7.55068444223664E-05
2013-04-01,108.76,0.0027659967,7.62578549448587E-05
2013-04-02,109.66,0.0082751011,8.0108643741236E-05
2013-04-03,107.82,-0.0167791355,8.66055450312508E-05
2013-04-04,105.09,-0.0253199777,9.67034975281508E-05
2013-04-05,103.98,-0.0105623751,9.87236892339635E-05
2013-04-08,103.16,-0.0078861319,9.58195330763705E-05
2013-04-09,104.08,0.0089181853,9.67271974026281E-05
2013-04-10,104.8,0.0069177556,9.92285940035141E-05
2013-04-11,103.62,-0.011259542,0.0001017783
2013-04-12,100.58,-0.0293379656,0.0001177283
2013-04-15,99.32,-0.0125273414,0.0001207371
2013-04-16,97.88,-0.0144985904,0.0001223993
2013-04-17,96.84,-0.0106252554,0.0001236051
2013-04-18,97.48,0.0066088393,0.0001265576
2013-04-19,98.94,0.0149774313,0.0001349721
2013-04-22,99.07,0.0013139276,0.0001356218
2013-04-23,99.25,0.0018168971,0.0001363297
2013-04-24,100.71,0.0147103275,0.0001451112
2013-04-25,101.62,0.0090358455,0.0001473887
2013-04-26,102.39,0.0075772486,0.0001444525
2013-04-29,102.88,0.0047856236,0.0001450584
2013-04-30,101.53,-0.013122084,0.000143439
2013-05-01,98.34,-0.0314192849,0.0001646373
2013-05-02,100.32,0.0201342282,0.000174871
2013-05-03,104.6,0.0426634769,0.0002410064
2013-05-06,105,0.0038240918,0.0002415166
2013-05-07,105.18,0.0017142857,0.0002409569
2013-05-08,103.79,-0.0132154402,0.0002393176
2013-05-09,103.59,-0.0019269679,0.0002392977
2013-05-10,101.31,-0.0220098465,0.0002532981
2013-05-13,102.17,0.0084887968,0.0002563293
2013-05-14,102.7,0.0051874327,0.0002544682
2013-05-15,101.57,-0.0110029211,0.000249717
2013-05-16,104.27,0.0265826524,0.0002555669
2013-05-17,103.83,-0.0042198139,0.0002523479
2013-05-20,104.55,0.006934412,0.0002515339
2013-05-21,103.1,-0.0138689622,0.0002557192
2013-05-22,102.14,-0.0093113482,0.000256541
2013-05-23,100.46,-0.0164480125,0.000261205
2013-05-24,101.24,0.0077642843,0.0002343397
2013-05-27,101.24,0,0.000228462
2013-05-28,103.77,0.0249901225,0.0002389177
2013-05-29,102.14,-0.0157078154,0.0002442269
2013-05-30,101.79,-0.0034266693,0.0002443216
2013-05-31,100.43,-0.0133608409,0.0002448691
2013-06-03,101.63,0.0119486209,0.0002491508
2013-06-04,102.04,0.0040342419,0.0002494441
2013-06-05,103.51,0.0144061152,0.0002491604
2013-06-06,103.37,-0.0013525263,0.0002470251
2013-06-07,104.07,0.0067717907,0.0002466641
2013-06-10,103.87,-0.0019217834,0.0002462559
2013-06-11,101.5,-0.0228169828,0.0002584552
2013-06-12,103.11,0.015862069,0.0002301478
2013-06-13,103.38,0.0026185627,0.0002180949
2013-06-14,105.1,0.0166376475,0.0001660834
2013-06-17,105.8,0.0066603235,0.0001670528
2013-06-18,105.21,-0.0055765595,0.0001681305
2013-06-19,105.56,0.00332668,0.0001620718
2013-06-20,102.72,-0.0269041304,0.0001872924
2013-06-21,100.36,-0.0229750779,0.000188776
2013-06-24,99.8,-0.0055799123,0.0001869212
2013-06-25,101.51,0.0171342685,0.0001965227
2013-06-26,100.62,-0.0087676091,0.0001950382
2013-06-27,102.74,0.0210693699,0.0001858608
2013-06-28,102.49,-0.0024333268,0.0001854969
2013-07-01,103.19,0.0068299346,0.0001854448
2013-07-02,103.96,0.0074619634,0.000180719
2013-07-03,106.12,0.020777222,0.0001908184
2013-07-04,106.12,0,0.0001796275
2013-07-05,107.46,0.0126272145,0.0001823772
2013-07-08,107.75,0.0026986786,0.0001822333
2013-07-09,107.9,0.0013921114,0.0001636532
2013-07-10,108.43,0.0049119555,0.0001535243
2013-07-11,108.18,-0.002305635,0.0001531414
2013-07-12,109.03,0.0078572749,0.0001455157
2013-07-15,109.05,0.0001834358,0.0001427172
2013-07-16,109.29,0.0022008253,0.0001426252
2013-07-17,109.67,0.0034769878,0.000137527
2013-07-18,109.71,0.0003647306,0.0001372288
2013-07-19,109.34,-0.0033725276,0.0001373576
2013-07-22,108.82,-0.0047558076,0.000138336
2013-07-23,109.27,0.0041352693,0.0001171271
2013-07-24,108.23,-0.0095177084,0.0001152426
2013-07-25,108.1,-0.0012011457,0.0001154797
2013-07-26,107.57,-0.0049028677,0.0001085256
2013-07-29,108.1,0.0049270243,0.0001079284
2013-07-30,107.47,-0.0058279371,0.0001080405
2013-07-31,107.89,0.0039080674,0.0001081547
2013-08-01,109.94,0.0190008342,9.07514714383671E-05
2013-08-02,109.63,-0.0028197198,6.91450546945877E-05
2013-08-05,109.81,0.0016418863,0.000066619
2013-08-06,108.77,-0.0094709043,6.46888686178451E-05
2013-08-07,108.39,-0.0034936104,6.15772713453556E-05
2013-08-08,107.32,-0.0098717594,5.38902765851599E-05
2013-08-09,108.49,0.0109019754,5.62182712271013E-05
2013-08-12,109.28,0.0072817771,5.63779139184369E-05
2013-08-13,110.69,0.0129026354,5.9436435063073E-05
2013-08-14,110.26,-0.0038847231,4.79803564372618E-05
2013-08-15,111.58,0.0119717032,5.16847415689933E-05
2013-08-16,111.82,0.0021509231,4.74472582772004E-05
2013-08-19,111.41,-0.003666607,4.82055325659461E-05
2013-08-20,110.74,-0.0060138228,4.99036395299041E-05
2013-08-21,110.82,0.0007224129,4.93267561945033E-05
2013-08-22,110.51,-0.002797329,4.94384573222551E-05
2013-08-23,112.12,0.0145688173,5.42368910474556E-05
2013-08-26,112.23,0.0009810917,5.42154849845148E-05
2013-08-27,115.21,0.0265526152,7.602490436371E-05
2013-08-28,116.27,0.0092005902,7.77802685944237E-05
2013-08-29,116.91,0.0055044293,7.80857163511848E-05
2013-08-30,115.97,-0.0080403729,8.0592565720392E-05
2013-09-02,115.97,0,7.91297147952274E-05
2013-09-03,115.49,-0.0041390015,8.02854952187914E-05
2013-09-04,115.65,0.0013854013,7.56734688825578E-05
2013-09-05,115.81,0.0013834847,7.52811421086862E-05
2013-09-06,117.15,0.0115706761,7.61038096802838E-05
2013-09-09,115.2,-0.0166453265,0.000088577
2013-09-10,112.1,-0.0269097222,0.0001150132
2013-09-11,112.37,0.0024085638,0.0001148353
2013-09-12,113.11,0.0065853876,0.0001049136
2013-09-13,113.31,0.0017681903,0.0001044071
2013-09-16,110.86,-0.0216220987,0.000121661
2013-09-17,109.05,-0.0163268988,0.0001278838
2013-09-18,109.09,0.0003668042,0.0001274111
2013-09-19,110.66,0.0143917866,0.0001300538
2013-09-20,110.22,-0.0039761431,0.0001273596
2013-09-23,108.56,-0.0150607875,0.0001336868
2013-09-24,107.68,-0.0081061164,0.0001294793
2013-09-25,109.46,0.0165304606,0.0001391075
2013-09-26,108.86,-0.0054814544,0.0001346402
2013-09-27,109.45,0.0054198053,0.000135652
2013-09-30,107.85,-0.0146185473,0.00014193
2013-10-01,107.32,-0.0049142327,0.0001415911
2013-10-02,109.09,0.016492732,0.0001517291
2013-10-03,109.49,0.0036666972,0.0001520758
2013-10-04,109.42,-0.0006393278,0.0001442582
2013-10-07,109.66,0.0021933833,0.0001444512
2013-10-08,110.56,0.0082071858,0.0001211872
2013-10-09,109.02,-0.0139290883,0.0001222484
2013-10-10,111.63,0.0239405614,0.0001432271
2013-10-11,110.65,-0.0087790021,0.0001435799
2013-10-14,110.13,-0.0046995029,0.0001438317
2013-10-15,110.67,0.0049032961,0.0001450058
2013-10-16,110.79,0.0010843047,0.000144952
2013-10-17,109.55,-0.0111923459,0.0001478444
2013-10-18,109.4,-0.0013692378,0.0001415124
2013-10-21,109.47,0.0006398537,0.000134264
2013-10-22,109.57,0.0009134923,0.0001115686
2013-10-23,107.74,-0.0167016519,0.0001196362
2013-10-24,106.63,-0.0103025803,0.000119908
2013-10-25,105.7,-0.0087217481,0.0001209174
2013-10-28,108.29,0.0245033113,0.0001302321
2013-10-29,108.04,-0.0023086158,0.000121693
2013-10-30,108.41,0.0034246575,0.0001221351
2013-10-31,107.53,-0.0081173323,0.0001164504
2013-11-01,105.78,-0.016274528,0.0001241012
2013-11-04,104.85,-0.0087918321,0.0001194661
2013-11-05,105.01,0.0015259895,0.0001179052
2013-11-06,105.46,0.0042853062,0.0001082849
2013-11-07,103.08,-0.0225677982,0.0001230756
2013-11-08,104.29,0.0117384556,0.0001275341
2013-11-11,105.76,0.0140953112,0.0001291317
2013-11-12,106.29,0.0050113464,0.0001294555
2013-11-13,106.9,0.0057390159,0.0001208865
2013-11-14,108.29,0.0130028064,0.0001265504
2013-11-15,108.25,-0.0003693785,0.0001265466
2013-11-18,108.8,0.0050808314,0.0001273205
2013-11-19,108.29,-0.0046875,0.0001253856
2013-11-20,108.27,-0.0001846893,0.0001190773
2013-11-21,109.9,0.0150549552,0.0001069325
2013-11-22,111.36,0.0132848044,0.0001105144
2013-11-25,110.83,-0.0047593391,0.0001105351
2013-11-26,112.04,0.0109176216,0.0001136648
2013-11-27,111.32,-0.0064262763,0.0001152244
2013-11-28,111.32,0,0.000110595
2013-11-29,111.07,-0.0022457779,0.0001107389
2013-12-02,111.49,0.0037813991,0.0001110855
2013-12-03,113.06,0.0140819804,0.000117093
2013-12-04,113.27,0.0018574208,0.0001057864
2013-12-05,112.07,-0.0105941556,0.000106031
2013-12-06,111.5,-0.0050861069,0.0001038557
2013-12-09,110.07,-0.0128251121,9.19393319067146E-05
2013-12-10,108.91,-0.0105387481,9.58413388706317E-05
2013-12-11,109.47,0.0051418603,0.000096308
2013-12-12,108.99,-0.0043847629,9.45873897745621E-05
2013-12-13,108.08,-0.0083493899,8.75151706879556E-05
2013-12-16,110.3,0.0205403405,9.68726935536822E-05
2013-12-17,108.91,-0.0126019946,0.000103732
2013-12-18,109.56,0.0059682306,0.0001041768
2013-12-19,110.78,0.0111354509,8.65106559777339E-05
2013-12-20,112.15,0.0123668532,8.69265350830494E-05
2013-12-23,111.58,-0.0050824788,8.38063138252118E-05
2013-12-24,111.57,-8.96217960208381E-05,8.35536441457168E-05
2013-12-25,111.57,0,8.30361233411508E-05
2013-12-26,111.65,0.0007170386,7.82926495485248E-05
2013-12-27,112.06,0.0036721899,7.8439613340088E-05
2013-12-30,110.47,-0.0141888274,8.56482436172749E-05
2013-12-31,109.95,-0.0047071603,8.56553568295046E-05
2014-01-01,109.95,0,8.56471547632525E-05
2014-01-02,107.94,-0.0182810368,8.93534750590136E-05
2014-01-03,106.57,-0.0126922364,0.00008705
2014-01-06,106.71,0.0013136905,8.68818095159104E-05
2014-01-07,107.01,0.0028113579,8.22866307620503E-05
2014-01-08,107.42,0.0038314176,8.23020561048183E-05
2014-01-09,107.49,0.0006516477,8.23678157075706E-05
2014-01-10,106.44,-0.0097683505,8.48347717925553E-05
2014-01-13,108.02,0.0148440436,0.00009285
2014-01-14,107.12,-0.0083317904,8.62692677219667E-05
2014-01-15,108.09,0.0090552651,8.97897846171212E-05
2014-01-16,107.46,-0.0058284763,8.75630628092132E-05
2014-01-17,108.45,0.0092127303,9.07008075191419E-05
2014-01-20,108.01,-0.0040571692,8.60404882121366E-05
2014-01-21,109.17,0.0107397463,8.65304146957417E-05
2014-01-22,109.69,0.0047632133,8.64040886323258E-05
2014-01-23,109.69,0,8.56861593336673E-05
2014-01-24,109.14,-0.0050141307,8.40778351115345E-05
2014-01-27,108.72,-0.0038482683,6.99719434644268E-05
2014-01-28,109.1,0.0034952171,6.51153369197792E-05
2014-01-29,108.83,-0.0024747938,6.40685082613166E-05
2014-01-30,109.36,0.0048699807,6.04825177066376E-05
2014-01-31,108.16,-0.0109729334,5.80895919130726E-05
2014-02-03,106.55,-0.014885355,0.000063932
2014-02-04,107.04,0.0045987799,6.51225087642066E-05
2014-02-05,106.81,-0.0021487294,6.50764833103872E-05
2014-02-06,108.15,0.0125456418,7.14842917336522E-05
2014-02-07,110.12,0.0182154415,8.32471806168821E-05
2014-02-10,110.18,0.0005448602,7.66161653685729E-05
2014-02-11,109.21,-0.0088037756,7.84911752275585E-05
2014-02-12,108.62,-0.0054024357,7.93943296455421E-05
2014-02-13,108.98,0.0033143068,0.00006826
2014-02-14,108.63,-0.0032115985,6.27268260399734E-05
2014-02-17,108.63,0,6.27259119839202E-05
2014-02-18,110.14,0.0139003958,0.000068497
2014-02-19,110.37,0.0020882513,6.82571893572047E-05
2014-02-20,109.42,-0.0086074114,7.12966860510499E-05
2014-02-21,109.03,-0.0035642479,6.81315427925499E-05
2014-02-24,109.76,0.0066954049,6.24719050799742E-05
2014-02-25,109.19,-0.0051931487,6.08749387255104E-05
2014-02-26,109.39,0.0018316696,5.84357039233027E-05
2014-02-27,108.54,-0.0077703629,5.93991243811712E-05
2014-02-28,108.98,0.004053805,5.71373066880773E-05
2014-03-03,111.26,0.02092127,7.06181954555199E-05
2014-03-04,109.17,-0.0187848283,7.98892333201267E-05
2014-03-05,108.15,-0.0093432262,8.19258526576927E-05
2014-03-06,107.99,-0.0014794267,8.19547659824587E-05
2014-03-07,109.14,0.0106491342,8.52358803313104E-05
2014-03-10,108.27,-0.0079714129,8.69085240895083E-05
2014-03-11,108.35,0.0007388935,0.000086479
2014-03-12,107.88,-0.0043377942,8.68885295841841E-05
2014-03-13,107.48,-0.0037078235,8.63121383767414E-05
2014-03-14,108.08,0.0055824339,0.000083532
2014-03-17,106.99,-0.0100851221,7.93671321263764E-05
2014-03-18,106.79,-0.0018693336,7.87886179983488E-05
2014-03-19,105.95,-0.007865905,8.07096121385082E-05
2014-03-20,105.73,-0.0020764512,7.49527008390106E-05
2014-03-21,107.2,0.0139033387,0.000069942
2014-03-24,106.59,-0.0056902985,7.06330530900627E-05
2014-03-25,107.01,0.0039403321,6.92491306544368E-05
2014-03-26,105.9,-0.0103728623,7.17035235261182E-05
2014-03-27,106.58,0.006421152,7.29090543220815E-05
2014-03-28,106.64,0.0005629574,7.27319389632124E-05
2014-03-31,105.95,-0.0064703676,7.38681907435787E-05
2014-04-01,105.7,-0.0023596036,6.62000920863065E-05
2014-04-02,103.37,-0.0220435194,7.99081667334614E-05
2014-04-03,104.88,0.0146077198,8.75232536057031E-05
2014-04-04,106.41,0.0145881007,0.000095759
2014-04-07,104.89,-0.0142843718,9.9637537567219E-05
2014-04-08,105.83,0.0089617695,0.0001026754
2014-04-09,107.39,0.0147406218,0.0001107436
2014-04-10,107.1,-0.0027004377,0.0001090798
2014-04-11,107.34,0.0022408964,0.0001086335
2014-04-14,107.68,0.0031675051,9.29696300753297E-05
2014-04-15,109.1,0.0131872214,8.79267044391903E-05
2014-04-16,109.71,0.0055912007,8.57163503743656E-05
2014-04-17,109.79,0.0007291952,8.55745602433543E-05
2014-04-18,109.79,0,8.19689247208337E-05
2014-04-21,109.69,-0.0009108298,7.96333817731924E-05
2014-04-22,108.54,-0.0104840915,8.36260579220266E-05
2014-04-23,108.48,-0.0005527916,8.29454803397209E-05
2014-04-24,109.79,0.0120759587,8.69686939027127E-05
2014-04-25,109.53,-0.0023681574,8.64266824219316E-05
2014-04-28,109.12,-0.0037432667,8.31437795984858E-05
2014-04-29,109.89,0.0070564516,8.42193509960562E-05
2014-04-30,108.63,-0.0114660115,8.6851402549785E-05
2014-05-01,108.63,0,8.65724594833995E-05
2014-05-02,109.48,0.0078247261,8.23714749114018E-05
2014-05-05,109.48,0,8.09266776925014E-05
2014-05-06,108.3,-0.0107782243,8.5093504500797E-05
2014-05-07,108.17,-0.0012003693,8.10574881635766E-05
2014-05-08,108.19,0.0001848941,7.99132368110288E-05
2014-05-09,108.26,0.0006470099,7.9913613657311E-05
2014-05-12,108.37,0.0010160724,7.81616339285446E-05
2014-05-13,108.78,0.0037833349,7.80847671439147E-05
2014-05-14,109.87,0.0100202243,6.1407794475269E-05
2014-05-15,109.74,-0.0011832165,5.60596160771286E-05
2014-05-16,110.9,0.0105704392,5.29817778524224E-05
2014-05-19,110.84,-0.000541028,4.44078768322857E-05
2014-05-20,110.35,-0.0044207867,4.38252919413928E-05
2014-05-21,111.32,0.008790213,3.95375616362605E-05
2014-05-22,110.89,-0.0038627381,3.98966793729307E-05
2014-05-23,110.19,-0.006312562,4.17090704269023E-05
2014-05-26,110.01,-0.0016335421,4.17246368986601E-05
2014-05-27,109.81,-0.0018180165,3.63427111161361E-05
2014-05-28,109.09,-0.0065567799,3.67734417928527E-05
2014-05-29,109.98,0.0081584013,3.90745015429499E-05
2014-05-30,109.21,-0.007001273,4.07453717773492E-05
2014-06-02,109.34,0.0011903672,4.07832823069895E-05
2014-06-03,108.87,-0.0042985184,3.76232767118372E-05
2014-06-04,109.07,0.0018370534,3.7702873345287E-05
2014-06-05,108.43,-0.0058677913,3.37377694835087E-05
2014-06-06,109.21,0.0071935811,3.54868770033905E-05
2014-06-09,110.55,0.0122699387,3.99891583750179E-05
2014-06-10,109.18,-0.0123925825,4.3741225647543E-05
2014-06-11,109.83,0.0059534713,4.03153676457423E-05
2014-06-12,112.18,0.021396704,5.50067828583139E-05
2014-06-13,113.15,0.0086468176,5.54106340849868E-05
2014-06-16,113.42,0.002386213,5.54150718631466E-05
2014-06-17,114.02,0.0052900723,5.07410911798635E-05
2014-06-18,114.25,0.00201719,5.04333736176449E-05
2014-06-19,115.19,0.0082275711,5.16666298978191E-05
2014-06-20,114.55,-0.0055560379,0.000053578
2014-06-23,113.62,-0.0081187254,5.69227253636631E-05
2014-06-24,113.74,0.0010561521,5.67610510611128E-05
2014-06-25,112.84,-0.0079127835,5.69615171832037E-05
2014-06-26,112.61,-0.0020382843,5.71097343979154E-05
2014-06-27,112.62,8.88020602078422E-05,0.000053773
2014-06-30,111.03,-0.0141182738,6.09290902729642E-05
2014-07-01,110.84,-0.0017112492,6.03315646224637E-05
2014-07-02,110.18,-0.0059545291,5.88196611643429E-05
2014-07-03,108.98,-0.0108912688,6.21861575274283E-05
2014-07-04,108.98,0,6.10052755764751E-05
2014-07-07,108.7,-0.0025692788,0.000061118
2014-07-08,107.65,-0.0096596136,6.39509314000385E-05
2014-07-09,106.84,-0.0075243846,6.43775650122817E-05
2014-07-10,106.2,-0.0059902658,6.24423322678251E-05
2014-07-11,105.77,-0.0040489642,6.15384589502348E-05
2014-07-14,104.73,-0.0098326558,6.3895718461709E-05
2014-07-15,104.73,0,6.36535646950572E-05
2014-07-16,105.41,0.0064928865,6.53708104368435E-05
2014-07-17,106.04,0.0059766626,6.61571223562687E-05
2014-07-18,106.03,-0.000094304,6.39547413265912E-05
2014-07-21,105.71,-0.0030180138,5.78032358429744E-05
2014-07-22,106.48,0.0072840791,5.58777632287466E-05
2014-07-23,106.85,0.003474831,5.49268435855567E-05
2014-07-24,105.78,-0.0100140384,3.95358681529485E-05
2014-07-25,106.89,0.010493477,4.0997456557576E-05
2014-07-28,106.7,-0.0017775283,4.03515801152343E-05
2014-07-29,106.98,0.0026241799,3.92455399534313E-05
2014-07-30,106.47,-0.0047672462,0.000038852
2014-07-31,104.94,-0.0143702451,3.94214387389831E-05
2014-08-01,103.45,-0.0141985897,4.33855193017736E-05
2014-08-04,103.63,0.001739971,0.000043397
2014-08-05,102.82,-0.0078162694,4.35134067404362E-05
2014-08-06,104.17,0.0131297413,5.16336929487958E-05
2014-08-07,104.02,-0.0014399539,5.16703047625217E-05
2014-08-08,103.36,-0.0063449337,5.18497551714185E-05
2014-08-11,103.47,0.0010642415,4.7714667455828E-05
2014-08-12,101.68,-0.0172997004,5.51550802148746E-05
2014-08-13,102.27,0.0058025177,5.72408889638309E-05
2014-08-14,101.15,-0.0109514031,0.000057276
2014-08-15,101.13,-0.0001977261,5.72438397743961E-05
2014-08-18,99.37,-0.0174033422,6.468950826847E-05
2014-08-19,99.74,0.0037234578,6.44720785142289E-05
2014-08-20,99.92,0.0018046922,6.41466030118328E-05
2014-08-21,100.28,0.0036028823,6.47055883869404E-05
2014-08-22,100.09,-0.0018946949,6.45378489209162E-05
2014-08-25,100.49,0.0039964032,6.3258222498434E-05
2014-08-26,100.5,9.95123892925178E-05,6.32677896186001E-05
2014-08-27,100.4,-0.0009950249,6.10904369682714E-05
2014-08-28,100.71,0.0030876494,5.98606102948309E-05
2014-08-29,101.12,0.0040710952,6.08969285616828E-05
2014-09-01,101.12,0,6.08949218646463E-05
2014-09-02,100.21,-0.0089992089,5.99259104121105E-05
2014-09-03,100.88,0.0066859595,6.14802556685787E-05
2014-09-04,101.21,0.0032712133,5.99153178619784E-05
2014-09-05,99.51,-0.0167967592,0.000062277
2014-09-08,99.53,0.0002009848,6.24858568033299E-05
2014-09-09,98.08,-0.0145684718,6.65171366715984E-05
2014-09-10,96.26,-0.0185562806,7.46699472084009E-05
2014-09-11,96.42,0.001662165,7.10180544161479E-05
2014-09-12,96.31,-0.0011408421,6.6422313270364E-05
2014-09-15,96.43,0.0012459765,6.62911511132987E-05
2014-09-16,97.39,0.0099554081,7.01378964855067E-05
2014-09-17,97.7,0.0031830783,0.000063213
2014-09-18,96.82,-0.0090071648,0.000064775
2014-09-19,96.75,-0.0007229911,6.42821602266379E-05
2014-09-22,95.37,-0.0142635659,6.86954971960173E-05
2014-09-23,94.87,-0.0052427388,6.13847962717189E-05
2014-09-24,94.53,-0.0035838516,5.90906296251956E-05
2014-09-25,95.2,0.007087697,5.95367737324071E-05
2014-09-26,95.08,-0.0012605042,5.94430723257281E-05
2014-09-29,95.7,0.0065208246,5.31489494916408E-05
2014-09-30,94.67,-0.0107628004,5.51974699577444E-05
2014-10-01,94.57,-0.0010563008,5.47767019083915E-05
2014-10-02,91.29,-0.0346833034,0.000089356
2014-10-03,90.8,-0.0053675101,8.94735792542904E-05
2014-10-06,90.65,-0.0016519824,8.7734527581936E-05
2014-10-07,90.9,0.0027578599,8.86091492589616E-05
2014-10-08,90.25,-0.0071507151,8.88947006150359E-05
2014-10-09,90.47,0.0024376731,8.8613358152996E-05
2014-10-10,88.66,-0.020006632,9.53251841849807E-05
2014-10-13,87.82,-0.0094743966,0.00009549
2014-10-14,86.36,-0.0166249146,9.97193786992633E-05
2014-10-15,84.02,-0.0270958777,0.0001107738
2014-10-16,84.02,0,0.0001090337
2014-10-17,85.27,0.0148774101,0.0001191795
2014-10-20,84.42,-0.0099683359,0.0001189255
2014-10-21,85.17,0.0088841507,0.0001224552
2014-10-22,86.38,0.0142068804,0.0001267774
2014-10-23,85.94,-0.0050937717,0.0001258743
2014-10-24,86,0.0006981615,0.0001263201
2014-10-27,85.64,-0.0041860465,0.0001254487
2014-10-28,85.57,-0.0008173751,0.0001190333
2014-10-29,86.91,0.0156596938,0.0001306142
2014-10-30,85.5,-0.0162236797,0.0001349269
2014-10-31,84.17,-0.0155555556,0.0001388364
2014-11-03,84.9,0.0086729238,0.0001410305
2014-11-04,82.12,-0.0327444052,0.0001689781
2014-11-05,82.88,0.0092547491,0.0001754756
2014-11-06,82.08,-0.0096525097,0.0001716825
2014-11-07,83.2,0.0136452242,0.0001827752
2014-11-10,82.9,-0.0036057692,0.0001786015
2014-11-11,80.94,-0.0236429433,0.0001895279
2014-11-12,80.42,-0.006424512,0.0001889852
2014-11-13,77.74,-0.0333250435,0.0001862939
2014-11-14,77.51,-0.0029585799,0.0001864679
2014-11-17,76.86,-0.0083860147,0.0001863455
2014-11-18,77.23,0.0048139474,0.0001876425
2014-11-19,77.21,-0.0002589667,0.0001883585
2014-11-20,77.61,0.0051806761,0.0001900346
2014-11-21,79.2,0.0204870506,0.0002027981
2014-11-24,79.62,0.0053030303,0.0002041467
2014-11-25,77.62,-0.0251193168,0.0002144383
2014-11-26,77.39,-0.0029631538,0.0001944898
2014-11-27,77.39,0,0.0001944898
2014-11-28,71.89,-0.0710686135,0.0003368743
2014-12-01,70.87,-0.0141883433,0.0003387666
2014-12-02,71.13,0.0036686891,0.0003344466
2014-12-03,70.13,-0.0140587656,0.0003220372
2014-12-04,68.48,-0.0235277342,0.0003312421
2014-12-05,68,-0.0070093458,0.0003289297
2014-12-08,65.64,-0.0347058824,0.0003527203
2014-12-09,66.11,0.0071602681,0.0003591521
2014-12-10,63.32,-0.04220239,0.0003747996
2014-12-11,63.65,0.0052116235,0.0003813798
2014-12-12,61.67,-0.0311076198,0.0003958298
2014-12-15,61.09,-0.009404897,0.0003832953
2014-12-16,60.26,-0.0135865117,0.0003664314
2014-12-17,59.84,-0.0069697975,0.000353569
2014-12-18,58.81,-0.0172125668,0.000354968
2014-12-19,58.87,0.0010202347,0.0003389313
2014-12-22,58.31,-0.0095124851,0.0003369616
2014-12-23,59.07,0.0130337849,0.0003510684
2014-12-24,58.67,-0.0067716269,0.0003509804
2014-12-25,58.67,0,0.0003350395
2014-12-26,58.72,0.0008522243,0.0003371563
2014-12-29,57.86,-0.0146457766,0.0003381784
2014-12-30,55.6,-0.0390597995,0.0003597793
2014-12-31,55.27,-0.0059352518,0.00035676
2015-01-01,55.27,0,0.0003519076
2015-01-02,55.38,0.0019902298,0.0003230475
2015-01-05,51.08,-0.0776453593,0.0004551644
2015-01-06,50.12,-0.0187940486,0.0004518476
2015-01-07,49.06,-0.0211492418,0.0004487187
2015-01-08,49.43,0.0075417856,0.0004583406
2015-01-09,47.64,-0.0362128262,0.0003631024
2015-01-12,46.9,-0.0155331654,0.000363232
2015-01-13,45.13,-0.0377398721,0.0003713992
2015-01-14,45.82,0.0152891646,0.0004017427
2015-01-15,47.66,0.0401571366,0.0004945946
2015-01-16,47.38,-0.0058749475,0.0004950095
2015-01-19,47.38,0,0.0004801591
2015-01-20,46.49,-0.0187842972,0.000470872
2015-01-21,46.5,0.0002151,0.0004408412
2015-01-22,46.09,-0.0088172043,0.0004326638
2015-01-23,46.69,0.0130180082,0.0004348195
2015-01-26,46.07,-0.0132790747,0.0004354232
2015-01-27,46.55,0.0104189277,0.0004472819
2015-01-28,47.07,0.0111707841,0.0004599738
2015-01-29,46.61,-0.009772679,0.0004569596
2015-01-30,47.52,0.0195237074,0.0004792372
2015-02-02,51.74,0.0888047138,0.0007835779
2015-02-03,54.41,0.0516041747,0.0008774134
2015-02-04,55.07,0.0121301231,0.0008835122
2015-02-05,55.98,0.0165244235,0.0008945335
2015-02-06,55.88,-0.0017863523,0.0008944042
2015-02-09,57,0.0200429492,0.0009023989
2015-02-10,55.79,-0.0212280702,0.0008650433
2015-02-11,53.48,-0.0414052698,0.0009227943
2015-02-12,56.23,0.051421092,0.0010132478
2015-02-13,60.33,0.0729148142,0.0011854695
2015-02-16,61.57,0.0205536217,0.0009578669
2015-02-17,60.78,-0.0128309242,0.0009485684
2015-02-18,60.72,-0.0009871668,0.0009231204
2015-02-19,58.78,-0.0319499341,0.0009751818
2015-02-20,60.99,0.0375978224,0.0009406152
2015-02-23,59.78,-0.0198393179,0.0009484339
2015-02-24,60.33,0.0092004015,0.000871964
2015-02-25,59.77,-0.0092822808,0.000883354
2015-02-26,61.39,0.0271038983,0.0008612691
2015-02-27,61.89,0.008144649,0.0008535544
2015-03-02,60.75,-0.018419777,0.0008767385
2015-03-03,61.18,0.0070781893,0.0008499527
2015-03-04,59.18,-0.0326904217,0.0009073328
2015-03-05,60.33,0.0194322406,0.0009001982
2015-03-06,59.15,-0.0195590917,0.0009275361
2015-03-09,58.67,-0.008114962,0.0009207203
2015-03-10,55.95,-0.0463610022,0.0010207758
2015-03-11,56.46,0.0091152815,0.0010202735
2015-03-12,56.66,0.0035423309,0.0010111802
2015-03-13,54.8,-0.0328273915,0.0010573526
2015-03-16,52,-0.0510948905,0.0009037305
2015-03-17,52.17,0.0032692308,0.0008115897
2015-03-18,52.59,0.0080506038,0.0008084475
2015-03-19,52.96,0.0070355581,0.0007998851
2015-03-20,53.88,0.0173716012,0.0008116914
2015-03-23,53.82,-0.0011135857,0.0007961652
2015-03-24,53.61,-0.0039018952,0.0007826332
2015-03-25,54.18,0.0106323447,0.0007277167
2015-03-26,57.02,0.0524178664,0.0007312308
2015-03-27,56.44,-0.0101718695,0.000548211
2015-03-30,53.99,-0.0434089298,0.0005853018
2015-03-31,53.69,-0.0055565846,0.0005826782
2015-04-01,55.73,0.0379959024,0.0006410118
2015-04-02,55.73,0,0.0006102429
2015-04-03,55.73,0,0.0005560398
2015-04-06,55.73,0,0.0005457527
2015-04-07,57.55,0.0326574556,0.0005823269
2015-04-08,56.42,-0.0196350999,0.0005916071
2015-04-09,56.04,-0.0067352003,0.0005627109
2015-04-10,56.82,0.0139186296,0.0005681651
2015-04-13,57.14,0.0056318198,0.0005611558
2015-04-14,57.69,0.0096254813,0.000562926
2015-04-15,59.32,0.0282544635,0.000556406
2015-04-16,60.13,0.0136547539,0.000549915
2015-04-17,61.31,0.0196241477,0.0005478155
2015-04-20,61.2,-0.0017941608,0.0005449722
2015-04-21,60.12,-0.0176470588,0.0004773344
2015-04-22,60.12,0,0.0004760273
2015-04-23,62.66,0.0422488357,0.0005292126
2015-04-24,62.96,0.0047877434,0.0004818345
2015-04-27,62.86,-0.00158831,0.0003724513
2015-04-28,62.61,-0.003977092,0.0003758265
2015-04-29,63.97,0.0217217697,0.0003837267
2015-04-30,63.9,-0.0010942629,0.0003857613
2015-05-01,64.13,0.003599374,0.0003817236
2015-05-04,64.62,0.0076407298,0.0003799804
2015-05-05,65.44,0.0126895698,0.0003774867
2015-05-06,66.22,0.0119193154,0.0003778776
2015-05-07,64.93,-0.0194805195,0.000324453
2015-05-08,63.82,-0.0170953334,0.0003330544
2015-05-11,62.82,-0.0156690693,0.0002674992
2015-05-12,65.09,0.0361349889,0.0002945396
2015-05-13,66.33,0.0190505454,0.0002654561
2015-05-14,65.58,-0.0113071009,0.0002743561
2015-05-15,64.69,-0.0135712107,0.0002857097
2015-05-18,65.15,0.0071108363,0.0002848849
2015-05-19,63.48,-0.0256331543,0.0002883912
2015-05-20,63.52,0.0006301197,0.0002698687
2015-05-21,64.7,0.0185768262,0.0002723311
2015-05-22,64.7,0,0.0002701624
2015-05-25,64.7,0,0.0002707677
2015-05-26,61.65,-0.0471406491,0.0003572554
2015-05-27,61.35,-0.00486618,0.000334738
2015-05-28,60.12,-0.0200488998,0.0003438485
2015-05-29,63.16,0.0505655356,0.0004172936
2015-06-01,62.87,-0.0045915136,0.0004181306
2015-06-02,63.14,0.0042945761,0.0004058118
2015-06-03,62.78,-0.0057016155,0.0004076151
2015-06-04,60.34,-0.0388658809,0.0003997655
2015-06-05,60.36,0.0003314551,0.0003986291
2015-06-08,61.33,0.0160702452,0.0004085652
2015-06-09,63.23,0.0309799446,0.0004412135
2015-06-10,64.68,0.0229321525,0.0004430303
2015-06-11,63.76,-0.0142238714,0.0004502944
2015-06-12,63.19,-0.0089397742,0.0004525477
2015-06-15,60.99,-0.0348156354,0.0004894591
2015-06-16,60.75,-0.0039350713,0.0004821865
2015-06-17,60.75,0,0.0004752805
2015-06-18,61.37,0.0102057613,0.0004701788
2015-06-19,59.41,-0.0319374287,0.0004933307
2015-06-22,60.54,0.0190203669,0.0005010891
2015-06-23,61.67,0.0186653452,0.0004665347
2015-06-24,61.63,-0.0006486136,0.0004514537
2015-06-25,60.24,-0.022553951,0.0004627121
2015-06-26,60.14,-0.0016600266,0.0004584314
2015-06-29,59.03,-0.0184569338,0.0004637935
2015-06-30,60.31,0.0216838895,0.0004647561
2015-07-01,61.65,0.0222185376,0.0004834345
2015-07-02,61.73,0.001297648,0.0004703421
2015-07-03,59.06,-0.0432528754,0.0005287133
2015-07-06,57.19,-0.0316627159,0.0005560623
2015-07-07,54.72,-0.0431893688,0.0005447817
2015-07-08,55.7,0.0179093567,0.0005602452
2015-07-09,57.83,0.0382405745,0.0006047381
2015-07-10,57.72,-0.0019021269,0.0005099098
2015-07-13,57.63,-0.0015592516,0.0005098311
2015-07-14,57.2,-0.0074613916,0.0005088087
2015-07-15,57.34,0.0024475524,0.0005095267
2015-07-16,57.31,-0.000523195,0.0004630795
2015-07-17,56.38,-0.0162275345,0.0004701387
2015-07-20,56.42,0.0007094714,0.0004588157
2015-07-21,55.94,-0.0085076214,0.0004194672
2015-07-22,56.36,0.0075080443,0.0003988861
2015-07-23,55.76,-0.0106458481,0.000396885
2015-07-24,54.29,-0.0263629842,0.0004126202
2015-07-27,54.07,-0.0040523117,0.0003805836
2015-07-28,54.3,0.0042537451,0.0003827545
2015-07-29,54.73,0.0079189687,0.0003867826
2015-07-30,54.29,-0.0080394665,0.0003809046
2015-07-31,53.29,-0.0184195985,0.0003608502
2015-08-03,49.49,-0.0713079377,0.0004928951
2015-08-04,49.08,-0.0082845019,0.0004704202
2015-08-05,49.04,-0.0008149959,0.0004703442
2015-08-06,47.8,-0.0252854812,0.0004734559
2015-08-07,47.54,-0.0054393305,0.0004724235
2015-08-10,48.3,0.0159865377,0.0004861161
2015-08-11,47.33,-0.0200828157,0.0004632968
2015-08-12,48.29,0.0202831185,0.0004594125
2015-08-13,48.01,-0.0057983019,0.0004565985
2015-08-14,47.79,-0.0045823787,0.0004127451
2015-08-17,47.77,-0.0004184976,0.0003917757
2015-08-18,47,-0.0161189031,0.0003463775
2015-08-19,45.75,-0.0265957447,0.000342435
2015-08-20,45.63,-0.0026229508,0.0002723773
2015-08-21,43.84,-0.0392285777,0.0003038131
2015-08-24,41.59,-0.0513229927,0.0003609076
2015-08-25,41.86,0.0064919452,0.0003704509
2015-08-26,41.76,-0.0023889154,0.0003670222
2015-08-27,44.46,0.0646551724,0.0005527146
2015-08-28,47.97,0.0789473684,0.0008016901
2015-08-31,47.97,0,0.0008014282
2015-09-01,48.8,0.0173024807,0.0008174064
2015-09-02,47.67,-0.0231557377,0.0008240973
2015-09-03,50.41,0.057478498,0.0009530726
2015-09-04,48.59,-0.0361039476,0.0009719976
2015-09-07,46.42,-0.0446593949,0.0010292794
2015-09-08,48.88,0.052994399,0.0011381564
2015-09-09,48.04,-0.0171849427,0.0011403393
2015-09-10,47.77,-0.0056203164,0.0011398255
2015-09-11,46.87,-0.0188402763,0.0011402582
2015-09-14,45.87,-0.0213356091,0.0009905799
2015-09-15,45.91,0.0008720296,0.0009894428
2015-09-16,49.35,0.0749292093,0.0011855819
2015-09-17,48.27,-0.0218844985,0.0011798557
2015-09-18,47.28,-0.0205096333,0.0011939995
2015-09-21,47.64,0.0076142132,0.0011873265
2015-09-22,46.69,-0.0199412259,0.00118713
2015-09-23,48,0.0280573999,0.0011999614
2015-09-24,47.06,-0.0195833333,0.0012121576
2015-09-25,47.28,0.0046748831,0.0012121472
2015-09-28,46.04,-0.0262267343,0.0012354801
2015-09-29,47.58,0.0334491746,0.0012644775
2015-09-30,47.29,-0.0060949979,0.0012394584
2015-10-01,47.48,0.0040177627,0.0012389522
2015-10-02,46.55,-0.0195871946,0.0011960816
2015-10-05,49.45,0.0622986037,0.0012041209
2015-10-06,51.34,0.0382204247,0.0012379759
2015-10-07,51.66,0.0062329568,0.0012346254
2015-10-08,52.13,0.0090979481,0.0011192887
2015-10-09,52.08,-0.0009591406,0.0009292918
2015-10-12,50.95,-0.0216973886,0.0009497504
2015-10-13,48.94,-0.0394504416,0.0009990274
2015-10-14,48.25,-0.0140988966,0.0009869423
2015-10-15,47.87,-0.0078756477,0.0008741785
2015-10-16,48.96,0.0227700021,0.0008484294
2015-10-19,47.51,-0.0296160131,0.0008089593
2015-10-20,46.93,-0.0122079562,0.0007175748
2015-10-21,46.72,-0.0044747496,0.0007087867
2015-10-22,46.59,-0.0027825342,0.0007080711
2015-10-23,46.3,-0.0062245117,0.0006974173
2015-10-26,46.57,0.0058315335,0.0006821894
2015-10-27,45.54,-0.0221172429,0.0006997371
2015-10-28,47.6,0.0452349583,0.0005758099
2015-10-29,48.04,0.0092436975,0.0005631193
2015-10-30,48,-0.0008326395,0.0005480441
2015-11-02,47.91,-0.001875,0.0005465638
2015-11-03,48,0.0018785222,0.0005317497
2015-11-04,46.96,-0.0216666667,0.0005219855
2015-11-05,47.19,0.0048977853,0.000509711
2015-11-06,46.09,-0.0233100233,0.0005274409
2015-11-09,45.38,-0.0154046431,0.0005122164
2015-11-10,46.44,0.0233583076,0.0004921679
2015-11-11,44.98,-0.0314384152,0.0005232288
2015-11-12,44.98,0,0.0005222607
2015-11-13,41.98,-0.0666963095,0.0006548316
2015-11-16,40.28,-0.040495474,0.0005432687
2015-11-17,41.28,0.0248262165,0.000507894
2015-11-18,41.45,0.0041182171,0.0005061138
2015-11-19,42.22,0.0185765983,0.0005196747
2015-11-20,42.49,0.0063950734,0.0005244144
2015-11-23,43.7,0.0284772888,0.0005557585
2015-11-24,44.38,0.0155606407,0.0005252946
2015-11-25,43.56,-0.0184767913,0.000529285
2015-11-26,43.55,-0.0002295684,0.0005287388
2015-11-27,43.07,-0.011021814,0.0005070034
2015-11-30,43.73,0.0153238913,0.0004949801
2015-12-01,42.97,-0.0173793734,0.0004993276
2015-12-02,41.92,-0.0244356528,0.0005150656
2015-12-03,42,0.0019083969,0.0005159845
2015-12-04,41.44,-0.0133333333,0.0005191522
2015-12-07,39.69,-0.0422297297,0.0005654303
2015-12-08,39.44,-0.0062988158,0.000555139
2015-12-09,39.04,-0.0101419878,0.0004673751
2015-12-10,38.65,-0.0099897541,0.0004590129
2015-12-11,36.99,-0.0429495472,0.0005002331
2015-12-14,36.51,-0.0129764801,0.0004993442
2015-12-15,37.66,0.0314982197,0.0005503442
2015-12-16,36.96,-0.0185873606,0.0005477122
2015-12-17,36.29,-0.0181277056,0.0005454087
2015-12-18,36.76,0.0129512262,0.0005520747
2015-12-21,35.34,-0.0386289445,0.0005831297
2015-12-22,35.26,-0.0022637238,0.0005495753
2015-12-23,35.79,0.0150311968,0.0005492251
2015-12-24,37.22,0.0399552948,0.0006226094
2015-12-25,37.22,0,0.0004916466
2015-12-28,37.08,-0.0037614186,0.0004435734
2015-12-29,36.85,-0.0062028047,0.0004171042
2015-12-30,35.65,-0.0325644505,0.0004424965
2015-12-31,36.61,0.0269284712,0.0004582848
2016-01-01,36.61,0,0.0004548345
2016-01-04,36.28,-0.0090139306,0.0004158212
2016-01-05,35.56,-0.019845645,0.0004050053
2016-01-06,33.89,-0.0469628796,0.0004542823
2016-01-07,33.57,-0.0094423134,0.0004521035
2016-01-08,31.67,-0.0565981531,0.0005295257
2016-01-11,30.14,-0.0483107041,0.0005536406
2016-01-12,29.14,-0.0331785003,0.000567758
2016-01-13,28.58,-0.0192175704,0.0005644012
2016-01-14,28.84,0.0090972708,0.0005732236
2016-01-15,28.8,-0.0013869626,0.0005770241
2016-01-18,27.36,-0.05,0.0005953573
2016-01-19,27.36,0,0.0005991708
2016-01-20,26.01,-0.0493421053,0.0006458479
2016-01-21,27.59,0.060745867,0.0008279496
2016-01-22,30.46,0.1040231968,0.0012218271
2016-01-25,29.82,-0.0210111622,0.0012279153
2016-01-26,30.94,0.0375586854,0.0012448712
2016-01-27,31.83,0.0287653523,0.0012783064
2016-01-28,33.01,0.0370719447,0.0013274615
2016-01-29,33.14,0.0039382005,0.0013205526
2016-02-01,32.45,-0.0208207604,0.0012871455
2016-02-02,30.98,-0.0453004622,0.0013489934
2016-02-03,32.38,0.0451904454,0.0014181925
2016-02-04,32.76,0.0117356393,0.0013618078
2016-02-05,32.35,-0.0125152625,0.0013639244
2016-02-08,31.64,-0.0219474498,0.001374632
2016-02-09,30.15,-0.0470922882,0.0014348265
2016-02-10,29.64,-0.0169154229,0.0014143019
2016-02-11,28.82,-0.0276653171,0.0013917
2016-02-12,31.8,0.1034004164,0.0018000119
2016-02-15,31.8,0,0.0017995006
2016-02-16,31.09,-0.022327044,0.0018024972
2016-02-17,33.21,0.0681891283,0.0019002639
2016-02-18,33.2,-0.0003011141,0.001896957
2016-02-19,31.66,-0.0463855422,0.0018601999
2016-02-22,33.59,0.0609602021,0.0018876077
2016-02-23,31.9,-0.050312593,0.0019419274
2016-02-24,31.5,-0.012539185,0.0019327492
2016-02-25,32.83,0.0422222222,0.0019806027
2016-02-26,35.76,0.0892476394,0.0022128469
2016-02-29,35.92,0.0044742729,0.0020927911
2016-03-01,35.73,-0.0052895323,0.0020974088
2016-03-02,36.38,0.0181919955,0.001973398
2016-03-03,35.75,-0.0173172073,0.0019150447
2016-03-04,37.61,0.052027972,0.0016664793
2016-03-07,39.02,0.0374900292,0.0016641525
2016-03-08,39.16,0.0035879036,0.0016375655
2016-03-09,40.26,0.0280898876,0.0016366441
2016-03-10,38.63,-0.0404868356,0.0016850573
2016-03-11,39.41,0.020191561,0.0016914947
2016-03-14,38.06,-0.0342552652,0.0017229101
2016-03-15,37.49,-0.0149763531,0.001645973
2016-03-16,38.38,0.0237396639,0.0016050438
2016-03-17,39.29,0.0237102658,0.0016141962
2016-03-18,39.26,-0.0007635531,0.001603113
2016-03-21,39.91,0.0165562914,0.001575048
2016-03-22,40.54,0.0157855174,0.0014656995
2016-03-23,38.84,-0.0419338925,0.001534058
2016-03-24,38.33,-0.013130793,0.0015035682
2016-03-25,38.33,0,0.0011957772
2016-03-28,38.33,0,0.0011957772
2016-03-29,36.75,-0.0412209757,0.0012456493
2016-03-30,36.75,0,0.0011090548
2016-03-31,36.75,0,0.0011089703
2016-04-01,36.42,-0.0089795918,0.0010258307
2016-04-04,36.05,-0.0101592532,0.0009207858
2016-04-05,35.88,-0.0047156727,0.000823075
2016-04-06,37.77,0.0526755853,0.0008890231
2016-04-07,37.15,-0.0164151443,0.0008591432
2016-04-08,40.71,0.0958277254,0.0008990279
2016-04-11,41.58,0.0213706706,0.0009082149
2016-04-12,43.02,0.0346320346,0.0009321289
2016-04-13,42.81,-0.0048814505,0.0009315098
2016-04-14,43.02,0.0049053959,0.0009124168
2016-04-15,41.32,-0.039516504,0.0009050991
2016-04-18,41.64,0.0077444337,0.00086501
2016-04-19,43.02,0.0331412104,0.0008961788
2016-04-20,43.09,0.0016271502,0.0008747621
2016-04-21,43.48,0.0090508239,0.0008090785
2016-04-22,43.97,0.0112695492,0.0008019743
2016-04-25,42.97,-0.0227427792,0.0007759901
2016-04-26,43.94,0.0225738888,0.0007727606
2016-04-27,44.17,0.0052344106,0.0007611166
2016-04-28,45.6,0.0323749151,0.0007747669
2016-04-29,45.64,0.000877193,0.0007741656
2016-05-02,45.82,0.0039439089,0.0007697626
2016-05-03,43.09,-0.059580969,0.0009029251
2016-05-04,43.08,-0.0002320724,0.0008332004
2016-05-05,44.39,0.0304085422,0.0008453837
2016-05-06,44.6,0.0047307952,0.0008443982
2016-05-09,42.43,-0.0486547085,0.0009416447
2016-05-10,44.01,0.0372378034,0.0009029986
2016-05-11,46.08,0.0470347648,0.0009557917
2016-05-12,46.43,0.0075954861,0.0009535105
2016-05-13,47.05,0.0133534353,0.0009435537
2016-05-16,48.49,0.0306057386,0.000945016
2016-05-17,48.71,0.0045370179,0.0009382353
2016-05-18,48.93,0.0045165264,0.000876101
2016-05-19,47.01,-0.0392397302,0.0009336074
2016-05-20,48.54,0.0325462668,0.0006852087
2016-05-23,47.77,-0.0158632056,0.0006925044
2016-05-24,48.42,0.0136068662,0.0006642357
2016-05-25,48.87,0.0092936803,0.0006619836
2016-05-26,49.52,0.0133005934,0.0006644252
2016-05-27,49.09,-0.0086833603,0.0006013988
2016-05-30,49.09,0,0.0006024949
2016-05-31,49.26,0.0034630271,0.0005758842
2016-06-01,48.81,-0.009135201,0.0005821048
2016-06-02,49.05,0.0049170252,0.000581362
2016-06-03,48.5,-0.0112130479,0.0005874194
2016-06-06,48.94,0.0090721649,0.0005634468
2016-06-07,49.76,0.0167552105,0.000557371
2016-06-08,50.73,0.0194935691,0.0005649426
2016-06-09,50.59,-0.0027597083,0.0005395219
2016-06-10,49.7,-0.0175924096,0.0005545277
2016-06-13,49.36,-0.0068410463,0.0005577886
2016-06-14,47.88,-0.0299837925,0.0004597475
2016-06-15,47.47,-0.0085630744,0.0004643446
2016-06-16,45.66,-0.0381293448,0.0004935689
2016-06-17,46.57,0.0199299168,0.0005049912
2016-06-20,48.68,0.0453081383,0.0004730697
2016-06-21,48.18,-0.0102711586,0.0004420861
2016-06-22,48.43,0.0051888751,0.0003740531
2016-06-23,48.63,0.0041296717,0.0003730778
2016-06-24,46.69,-0.0398930701,0.0004248817
2016-06-27,45.07,-0.0346969372,0.0004289669
2016-06-28,46.29,0.0270690038,0.0004564005
2016-06-29,48.4,0.0455821992,0.0005295845
2016-06-30,48.05,-0.007231405,0.0004773512
2016-07-01,47.65,-0.0083246618,0.0004440005
2016-07-04,48.02,0.0077649528,0.0004374163
2016-07-05,45.64,-0.0495626822,0.000512829
2016-07-06,45.7,0.0013146363,0.0005088903
2016-07-07,45.93,0.0050328228,0.0005024524
2016-07-08,44.53,-0.030481167,0.0005279437
2016-07-11,44.04,-0.0110038177,0.0005297119
2016-07-12,46.72,0.0608537693,0.0006664889
2016-07-13,44.67,-0.0438784247,0.000725158
2016-07-14,46.01,0.0299977614,0.0007591292
2016-07-15,46.25,0.0052162573,0.0007574208
2016-07-18,45.35,-0.0194594595,0.0007643103
2016-07-19,45.7,0.0077177508,0.0007552386
2016-07-20,45.82,0.0026258206,0.0007391736
2016-07-21,44.99,-0.0181143605,0.0007467448
2016-07-22,44.24,-0.0166703712,0.0007458798
2016-07-25,43.76,-0.0108499096,0.0007473358
2016-07-26,43.56,-0.0045703839,0.000722703
2016-07-27,42.78,-0.0179063361,0.0007293271
2016-07-28,41.87,-0.0212716223,0.0006980868
2016-07-29,40.76,-0.0265106281,0.0006979839
2016-08-01,40.17,-0.0144749755,0.0006134239
2016-08-02,40,-0.0042320139,0.0006128979
2016-08-03,40.45,0.01125,0.0006187527
2016-08-04,41.33,0.0217552534,0.0006410395
2016-08-05,42.47,0.0275828696,0.0006308888
2016-08-08,43.24,0.018130445,0.0006078833
2016-08-09,43.37,0.0030064755,0.0005804569
2016-08-10,42.19,-0.0272077473,0.0005187573
2016-08-11,44.23,0.0483526902,0.0006105706
2016-08-12,45.12,0.0201220891,0.0006260466
2016-08-15,47.31,0.048537234,0.0007075552
2016-08-16,48.27,0.0202916931,0.0006321938
2016-08-17,48.58,0.0064222084,0.0006327614
2016-08-18,49.46,0.0181144504,0.0006408932
2016-08-19,49.39,-0.0014152851,0.0006023842
2016-08-22,48.1,-0.0261186475,0.0006253758
2016-08-23,48.7,0.0124740125,0.0005111762
2016-08-24,47.56,-0.0234086242,0.0004608978
2016-08-25,49.25,0.0355340622,0.00047249
2016-08-26,49.66,0.0083248731,0.000473395
2016-08-29,49.66,0,0.0004564114
2016-08-30,47.94,-0.0346355215,0.0005031539
2016-08-31,47.94,0,0.0005032411
2016-09-01,45.05,-0.0602836879,0.0006202874
2016-09-02,45.96,0.020199778,0.0006223355
2016-09-05,46.72,0.0165361184,0.0006238708
2016-09-06,46.21,-0.0109160959,0.0006283015
2016-09-07,47,0.0170958667,0.0006204231
2016-09-08,49.23,0.0474468085,0.0006607084
2016-09-09,48.37,-0.017469023,0.000643328
2016-09-12,47.82,-0.0113706843,0.0006392585
2016-09-13,46.48,-0.0280217482,0.0006751362
2016-09-14,45.65,-0.0178571429,0.0006915221
2016-09-15,45.83,0.0039430449,0.0006807464
2016-09-16,45.26,-0.0124372682,0.0006684383
2016-09-19,46.04,0.0172337605,0.0006674951
2016-09-20,45.24,-0.0173761946,0.0006805142
2016-09-21,45.99,0.0165782493,0.0006570161
2016-09-22,47.21,0.026527506,0.0006049257
2016-09-23,46.71,-0.0105909765,0.0005989771
2016-09-26,46.61,-0.0021408692,0.0005199979
2016-09-27,44.95,-0.035614675,0.0005450044
2016-09-28,45.49,0.0120133482,0.0005493354
2016-09-29,48.43,0.0646295889,0.0006857304
2016-09-30,48.24,-0.0039231881,0.0006861207
2016-10-03,48.61,0.0076699834,0.0006643719
2016-10-04,48.81,0.0041143798,0.0006598972
2016-10-05,49.57,0.0155705798,0.0006465581
2016-10-06,50.14,0.0114988905,0.000609719
2016-10-07,50.49,0.0069804547,0.0006090901
2016-10-10,51.54,0.0207961973,0.0006222918
2016-10-11,50.48,-0.0205665503,0.0005937896
2016-10-12,49.53,-0.0188193344,0.0006082024
2016-10-13,49.29,-0.0048455482,0.0004748827
2016-10-14,48.87,-0.0085209982,0.000468765
2016-10-17,49.31,0.0090034786,0.0004632463
2016-10-18,49.81,0.010139931,0.0004592383
2016-10-19,51.85,0.0409556314,0.0005018653
2016-10-20,50.42,-0.0275795564,0.0004622006
2016-10-21,50.28,-0.0027766759,0.0004506645
2016-10-24,49.8,-0.0095465394,0.0004491553
2016-10-25,49.08,-0.0144578313,0.0004276086
2016-10-26,48.98,-0.0020374898,0.0004142644
2016-10-27,49.13,0.0030624745,0.0004142055
2016-10-28,47.78,-0.0274781193,0.0004372595
2016-10-31,46.2,-0.0330682294,0.0004688128
2016-11-01,45.77,-0.0093073593,0.0004611245
2016-11-02,44.26,-0.0329910422,0.0004884359
2016-11-03,43.84,-0.0094893809,0.0004631924
2016-11-04,43.06,-0.0177919708,0.0004690662
2016-11-07,42.83,-0.0053413841,0.0004693319
2016-11-08,43.47,0.0149427971,0.0004393884
2016-11-09,43.88,0.009431792,0.0004373105
2016-11-10,43.67,-0.0047857794,0.0002837813
2016-11-11,41.61,-0.0471719716,0.0003479727
2016-11-14,41.83,0.0052871906,0.0003461214
2016-11-15,44.15,0.0554625867,0.000465671
2016-11-16,45.07,0.0208380521,0.0004733838
2016-11-17,44.57,-0.011093854,0.0004679019
2016-11-18,44.41,-0.0035898586,0.0004638459
2016-11-21,45.96,0.0349020491,0.000494644
2016-11-22,46.1,0.0030461271,0.0004855584
2016-11-23,46.54,0.0095444685,0.0004810147
2016-11-24,47.54,0.021486893,0.0004986732
2016-11-25,46.32,-0.0256625999,0.0005174012
2016-11-28,46.64,0.0069084629,0.0005160248
2016-11-29,44.68,-0.0420240137,0.0005644735
2016-11-30,47.95,0.0731871083,0.0006975747
2016-12-01,52.28,0.0903023983,0.0009550168
2016-12-02,52.35,0.0013389441,0.0009543222
2016-12-05,53.3,0.0181470869,0.0009582221
2016-12-06,52.31,-0.0185741088,0.0009636633
2016-12-07,51.9,-0.0078378895,0.000966633
2016-12-08,51.6,-0.0057803468,0.000968829
2016-12-09,52.19,0.0114341085,0.0009399397
2016-12-12,53.99,0.0344893658,0.000922202
2016-12-13,53.28,-0.0131505834,0.0009266571
2016-12-14,53.15,-0.0024399399,0.0008766372
2016-12-15,51.72,-0.0269049859,0.0009059925
2016-12-16,54.15,0.0469837587,0.0009397784
2016-12-19,53.53,-0.0114496768,0.0009466897
2016-12-20,54.56,0.0192415468,0.000949391
2016-12-21,53.01,-0.0284090909,0.0009935218
2016-12-22,54.04,0.0194302962,0.0009937352
2016-12-23,53.93,-0.0020355292,0.0008911539
2016-12-26,53.93,0,0.0008934769
2016-12-27,53.93,0,0.0008180122
2016-12-28,54.95,0.0189134063,0.0008163092
2016-12-29,54.97,0.0003639672,0.0008063769
2016-12-30,54.96,-0.0001819174,0.0008041822
2017-01-02,54.96,0,0.0007788511
2017-01-03,55.05,0.0016375546,0.0007792378
2017-01-04,54.57,-0.008719346,0.0007862683
2017-01-05,54.99,0.0076965366,0.0007775835
2017-01-06,55.9,0.0165484634,0.0007470438
2017-01-09,54.39,-0.0270125224,0.0007847637
2017-01-10,53.2,-0.0218790219,0.0007322564
2017-01-11,53.61,0.0077067669,0.0005725734
2017-01-12,54.51,0.0167879127,0.0003151455
2017-01-13,54.37,-0.0025683361,0.0003157099
2017-01-16,54.3,-0.0012874747,0.0003058731
2017-01-17,54.68,0.0069981584,0.0002935615
2017-01-18,53.77,-0.0166422824,0.0003018877
2017-01-19,53.18,-0.0109726613,0.000305331
2017-01-20,55.04,0.0349755547,0.0003404968
2017-01-23,54.8,-0.0043604651,0.0003035905
2017-01-24,54.7,-0.0018248175,0.0002970928
2017-01-25,54.34,-0.0065813528,0.0002986527
2017-01-26,55.89,0.0285241075,0.000294845
2017-01-27,54.8,-0.0195025944,0.0002392751
2017-01-30,54.77,-0.0005474453,0.0002342424
2017-01-31,55.25,0.0087639219,0.0002246314
2017-02-01,55.79,0.0097737557,0.0001970306
2017-02-02,55.94,0.0026886539,0.0001860177
2017-02-03,55.92,-0.0003575259,0.0001857322
2017-02-06,55.02,-0.0160944206,0.0001958073
2017-02-07,53.79,-0.0223555071,0.0002136404
2017-02-08,54.42,0.0117122142,0.0002059841
2017-02-09,53.98,-0.0080852628,0.0002080213
2017-02-10,55.2,0.0226009633,0.0002258314
2017-02-13,54.15,-0.0190217391,0.0002382257
2017-02-14,54.96,0.0149584488,0.000245994
2017-02-15,54.57,-0.0070960699,0.0002450985
2017-02-16,54.16,-0.0075132857,0.0002448605
2017-02-17,54.48,0.0059084195,0.0002362057
2017-02-20,55.25,0.014133627,0.0002180964
2017-02-21,56.34,0.0197285068,0.0002112188
2017-02-22,54.9,-0.0255591054,0.000235048
2017-02-23,55.82,0.0167577413,0.000235015
2017-02-24,54.69,-0.0202436403,0.000249663
2017-02-27,54.65,-0.0007313951,0.0002496118
2017-02-28,53.36,-0.0236047575,0.0002667658
2017-03-01,55.72,0.0442278861,0.0003232865
2017-03-02,54.16,-0.0279971285,0.0003474079
2017-03-03,54.12,-0.0007385524,0.0003056893
2017-03-06,54.73,0.0112712491,0.0003095804
2017-03-07,54.61,-0.0021925818,0.0003096339
2017-03-08,53.3,-0.0239882805,0.0003277479
2017-03-09,50.65,-0.0497185741,0.0003752719
2017-03-10,50.63,-0.0003948667,0.0003658194
2017-03-13,50.1,-0.0104681019,0.0003677934
2017-03-14,49.6,-0.0099800399,0.0003645718
2017-03-15,50.63,0.020766129,0.0003785961
2017-03-16,50.56,-0.0013825795,0.0003775384
2017-03-17,50.58,0.0003955696,0.000377704
2017-03-20,50.67,0.0017793594,0.0003724052
2017-03-21,50.14,-0.0104598382,0.0003608829
2017-03-22,49.56,-0.0115676107,0.0003566688
2017-03-23,50.17,0.0123083132,0.0003632962
2017-03-24,49.97,-0.0039864461,0.0003412724
2017-03-27,50.12,0.0030018011,0.0003333287
2017-03-28,50.72,0.011971269,0.0003300474
2017-03-29,51.36,0.0126182965,0.0003367707
2017-03-30,52.25,0.0173286604,0.0003476479
2017-03-31,52.2,-0.0009569378,0.0003459352
2017-04-03,52.04,-0.0030651341,0.000337541
2017-04-04,53.08,0.0199846272,0.000337924
2017-04-05,53.41,0.0062170309,0.00031956
2017-04-06,53.62,0.003931848,0.0003095468
2017-04-07,54.24,0.0115628497,0.0003014716
2017-04-10,54.79,0.010140118,0.0003049595
2017-04-11,54.73,-0.0010950903,0.0002848428
2017-04-12,54.75,0.0003654303,0.00021816
2017-04-13,55.05,0.0054794521,0.0001919825
2017-04-14,55.05,0,0.0001919306
2017-04-17,54.79,-0.0047229791,0.0001887555
2017-04-18,52.6,-0.0399707976,0.0002423774
2017-04-19,52.43,-0.0032319392,0.0002240176
2017-04-20,50.66,-0.0337592981,0.0001782677
2017-04-21,49.93,-0.0144097908,0.0001852872
2017-04-24,49.45,-0.0096134588,0.0001847165
2017-04-25,49.37,-0.0016177958,0.0001814909
2017-04-26,49.99,0.0125582337,0.0001719441
2017-04-27,49.46,-0.0106021204,0.0001754404
2017-04-28,49.46,0,0.0001754171
2017-05-01,50.41,0.0192074404,0.0001884742
2017-05-02,49.31,-0.0218210672,0.0002009101
2017-05-03,48.82,-0.0099371324,0.0001997495
2017-05-04,47.53,-0.0264235969,0.0002157987
2017-05-05,47.45,-0.0016831475,0.0002156115
2017-05-08,46.61,-0.0177028451,0.0002233041
2017-05-09,47.06,0.0096545806,0.0002212015
2017-05-10,48.09,0.0218869528,0.0002336558
2017-05-11,49.18,0.0226658349,0.000241748
2017-05-12,49.08,-0.0020333469,0.0002417167
2017-05-15,51.29,0.0450285249,0.0003150667
2017-05-16,51.21,-0.0015597582,0.0003003528
2017-05-17,51.76,0.0107400898,0.0003033014
2017-05-18,51.71,-0.0009659969,0.0003024693
2017-05-19,52.78,0.0206923226,0.0003131964
2017-05-22,53.35,0.0107995453,0.0003137065
2017-05-23,53.19,-0.0029990628,0.0003138745
2017-05-24,53.29,0.0018800526,0.0003140727
2017-05-25,52.25,-0.0195158566,0.000324162
2017-05-26,50.84,-0.0269856459,0.0003454922
2017-05-29,52.25,0.0277340677,0.0003755899
2017-05-30,50.65,-0.0306220096,0.0003536346
2017-05-31,49.4,-0.0246791708,0.0003721387
2017-06-01,50.41,0.0204453441,0.0003506154
2017-06-02,48.46,-0.038682801,0.0003943834
2017-06-05,48.25,-0.0043334709,0.0003921052
2017-06-06,48.11,-0.0029015544,0.0003922477
2017-06-07,47.08,-0.0214092704,0.0003997148
2017-06-08,46.3,-0.0165675446,0.0004045206
2017-06-09,46.64,0.0073434125,0.0004073325
2017-06-12,47.18,0.0115780446,0.0003982414
2017-06-13,46.95,-0.004874947,0.0003846635
2017-06-14,45.47,-0.0315228967,0.0004128331
2017-06-15,45.61,0.0030789532,0.0003924929
2017-06-16,45.7,0.0019732515,0.0003928126
2017-06-19,45.93,0.0050328228,0.0003839502
2017-06-20,43.98,-0.0424559112,0.0004386776
2017-06-21,44.62,0.0145520691,0.0004283669
2017-06-22,44.46,-0.0035858359,0.0004061652
2017-06-23,44.14,-0.0071974809,0.0004066527
2017-06-26,44.09,-0.0011327594,0.0003237218
2017-06-27,46.17,0.0471762304,0.0004140258
2017-06-28,46.45,0.0060645441,0.0004102443
2017-06-29,47.02,0.0122712594,0.0004183097
2017-06-30,47.08,0.0012760527,0.0003992024
2017-07-03,49.13,0.0435429057,0.0004674761
2017-07-04,49.15,0.0004070832,0.0004677497
2017-07-05,47.58,-0.0319430315,0.0004958906
2017-07-06,48.53,0.0199663724,0.0005043272
2017-07-07,46.47,-0.0424479703,0.0005387112
2017-07-10,46.57,0.002151926,0.0005067779
2017-07-11,46.68,0.0023620356,0.000481536
2017-07-12,46.73,0.0010711225,0.0004642221
2017-07-13,47.65,0.0196875669,0.0004630878
2017-07-14,47.89,0.0050367261,0.000415144
2017-07-17,47.66,-0.0048026728,0.0004152853
2017-07-18,47.92,0.0054553084,0.0004160613
2017-07-19,48.34,0.0087646077,0.0004017135
2017-07-20,48.54,0.0041373604,0.0003908106
2017-07-21,47.47,-0.0220436753,0.0004082926
2017-07-24,47.81,0.0071624184,0.0004056561
2017-07-25,49.19,0.0288642543,0.0004307709
2017-07-26,50.08,0.0180931084,0.0003989303
2017-07-27,50.67,0.0117811502,0.0004012515
2017-07-28,52,0.0262482731,0.0004179909
2017-07-31,51.99,-0.0001923077,0.000418715
2017-08-01,50.77,-0.0234660512,0.0003694463
2017-08-02,52.09,0.0259996061,0.0003813752
2017-08-03,52.88,0.0151660587,0.0003815312
2017-08-04,52.48,-0.0075642965,0.0003818691
2017-08-07,51.42,-0.0201981707,0.0004033242
2017-08-08,52.18,0.0147802412,0.000344824
2017-08-09,52.16,-0.0003832886,0.0003454049
2017-08-10,52.59,0.008243865,0.0003436591
2017-08-11,51.47,-0.0212968245,0.0003647366
2017-08-14,51.29,-0.0034971828,0.0003074642
2017-08-15,49.9,-0.0271007994,0.0003349212
2017-08-16,50.39,0.0098196393,0.0002991332
2017-08-17,50.37,-0.0003969041,0.0002878082
2017-08-18,50.96,0.0117133214,0.0002218764
2017-08-21,51.94,0.0192307692,0.0002303807
2017-08-22,52.29,0.0067385445,0.0002305984
2017-08-23,52.31,0.0003824823,0.0002307487
2017-08-24,51.73,-0.0110877461,0.0002287662
2017-08-25,51.87,0.0027063599,0.0002285962
2017-08-28,51.87,0,0.0002268552
2017-08-29,51.64,-0.0044341623,0.0002283965
2017-08-30,51.91,0.005228505,0.0002273113
2017-08-31,52.69,0.0150260065,0.0002325021
2017-09-01,53.15,0.0087303094,0.0002112355
2017-09-04,52.6,-0.0103480715,0.000217488
2017-09-05,53.63,0.019581749,0.0002039901
2017-09-06,54.48,0.0158493381,0.0002018198
2017-09-07,54.16,-0.0058737151,0.0002014067
2017-09-08,54.55,0.0072008863,0.0001820679
2017-09-11,54.2,-0.006416132,0.000184165
2017-09-12,55.06,0.0158671587,0.0001680714
2017-09-13,55.52,0.0083545223,0.0001502046
2017-09-14,56.76,0.0223342939,0.0001583269
2017-09-15,56.18,-0.0102184637,0.0001603929
2017-09-18,55.5,-0.0121039516,0.0001499893
2017-09-19,56.58,0.0194594595,0.0001546429
2017-09-20,57.2,0.0109579357,0.0001564585
2017-09-21,57.73,0.0092657343,0.000156852
2017-09-22,58.16,0.007448467,0.0001358533
