Date,Adjusted Price,Return,Volatility
2012-11-06,88.62,0.0347968239,0.0003154216
2012-11-07,84.5,-0.0464906342,0.0003813684
2012-11-08,85.07,0.0067455621,0.0003641507
2012-11-09,86.08,0.0118725755,0.0003700178
2012-11-12,85.56,-0.0060408922,0.000369628
2012-11-13,85.38,-0.0021037868,0.0003691504
2012-11-14,86.32,0.0110096041,0.0003226919
2012-11-15,85.45,-0.0100787766,0.0002671199
2012-11-16,86.62,0.0136922177,0.0002638336
2012-11-19,89.05,0.0280535673,0.0002913944
2012-11-20,86.46,-0.0290847838,0.000277523
2012-11-21,87.08,0.0071709461,0.0002760844
2012-11-22,87.08,0,0.0002712018
2012-11-23,87.01,-0.0008038585,0.0002710652
2012-11-26,87.28,0.0031030916,0.00027173
2012-11-27,86.81,-0.0053849679,0.0002715913
2012-11-28,86.1,-0.0081787812,0.000272834
2012-11-29,87.64,0.0178861789,0.0002861122
2012-11-30,88.54,0.0102692834,0.0002755373
2012-12-03,88.69,0.0016941495,0.0002634295
2012-12-04,88.04,-0.0073288984,0.0002528773
2012-12-05,87.36,-0.0077237619,0.0002472823
2012-12-06,85.47,-0.0216346154,0.000264029
2012-12-07,85.45,-0.0002340002,0.0002637431
2012-12-10,85.14,-0.0036278525,0.0002637178
2012-12-11,85.36,0.0025839793,0.0002638686
2012-12-12,86.35,0.0115979381,0.0002668938
2012-12-13,85.39,-0.0111175449,0.0002677992
2012-12-14,86.32,0.0108912051,0.0002506537
2012-12-17,86.71,0.0045180723,0.0002489131
2012-12-18,87.46,0.0086495214,0.0002099195
2012-12-19,89.09,0.0186370912,0.0001440025
2012-12-20,89.76,0.0075204849,0.000144285
2012-12-21,88.2,-0.0173796791,0.0001526093
2012-12-24,88.29,0.0010204082,0.0001508985
2012-12-25,88.29,0,0.0001505782
2012-12-26,90.71,0.0274096727,0.0001706492
2012-12-27,90.91,0.0022048286,0.0001656688
2012-12-28,90.66,-0.0027499725,0.0001615885
2012-12-31,91.83,0.0129053607,0.0001415999
2013-01-01,91.83,0,0.0001092638
2013-01-02,93.14,0.0142654906,0.0001134406
2013-01-03,92.97,-0.0018252094,0.0001138412
2013-01-04,93.12,0.0016134237,0.0001135287
2013-01-07,93.2,0.0008591065,0.0001135753
2013-01-08,93.21,0.0001072961,0.0001116908
2013-01-09,93.08,-0.0013947001,0.0001082625
2013-01-10,93.81,0.0078427159,0.0001010742
2013-01-11,93.6,-0.0022385673,9.94311767233432E-05
2013-01-14,94.27,0.0071581197,0.0001003479
2013-01-15,93.26,-0.0107139069,0.0001029274
2013-01-16,94.28,0.0109371649,0.0001020577
2013-01-17,95.49,0.0128341112,8.40667400317406E-05
2013-01-18,95.61,0.0012566761,0.000083732
2013-01-21,95.61,0,8.23142509123532E-05
2013-01-22,96.09,0.0050203954,8.22887907866106E-05
2013-01-23,95.06,-0.0107191175,8.71877008065538E-05
2013-01-24,95.35,0.0030507048,7.98397803136344E-05
2013-01-25,95.15,-0.0020975354,0.000079042
2013-01-28,95.95,0.0084077772,7.98758173643468E-05
2013-01-29,97.62,0.0174048984,8.55890922606098E-05
2013-01-30,97.98,0.0036877689,7.7650124904554E-05
2013-01-31,97.65,-0.0033680343,7.83674329494581E-05
2013-02-01,97.46,-0.0019457245,0.000064775
2013-02-04,96.21,-0.0128257747,7.34039023255914E-05
2013-02-05,96.68,0.0048851471,7.32213849638742E-05
2013-02-06,96.44,-0.0024824162,5.28203589587261E-05
2013-02-07,95.84,-0.0062214849,5.5108378402873E-05
2013-02-08,95.71,-0.0013564274,5.47369378111229E-05
2013-02-11,97.01,0.0135826977,5.52693635763841E-05
2013-02-12,97.48,0.0048448614,5.54311473522945E-05
2013-02-13,97.03,-0.0046163316,5.13679164166543E-05
2013-02-14,97.3,0.0027826445,5.10540523515814E-05
2013-02-15,95.95,-0.0138746146,0.000058975
2013-02-18,95.95,0,5.9009547613025E-05
2013-02-19,96.69,0.0077123502,6.04701344988298E-05
2013-02-20,94.92,-0.0183059262,7.30896870909211E-05
2013-02-21,92.79,-0.0224399494,8.87154965898238E-05
2013-02-22,93.12,0.0035564177,8.90686677149228E-05
2013-02-25,92.74,-0.004080756,8.76315022792397E-05
2013-02-26,92.63,-0.0011861117,8.3947864098954E-05
2013-02-27,92.84,0.0022670841,7.98030599230473E-05
2013-02-28,92.03,-0.0087246876,7.55087740937362E-05
2013-03-01,90.71,-0.014343149,8.09852706353987E-05
2013-03-04,90.13,-0.0063940029,8.15927413002061E-05
2013-03-05,90.88,0.0083213137,8.35372817098044E-05
2013-03-06,90.47,-0.0045114437,8.10102036777269E-05
2013-03-07,91.53,0.0117165911,8.6298330717108E-05
2013-03-08,92.01,0.0052441822,8.77014200739077E-05
2013-03-11,92.07,0.000652103,8.46341108343514E-05
2013-03-12,92.44,0.0040186814,7.33076609293931E-05
2013-03-13,92.47,0.0003245348,7.24164335563871E-05
2013-03-14,93.03,0.0060560182,7.44177114156963E-05
2013-03-15,93.49,0.0049446415,7.58256071549826E-05
2013-03-18,93.71,0.0023531929,7.14908986580608E-05
2013-03-19,92.44,-0.013552449,7.55393663362123E-05
2013-03-20,93.21,0.0083297274,7.86715581255635E-05
2013-03-21,92.46,-0.008046347,7.94275324377666E-05
2013-03-22,93.41,0.0102747134,8.37774152830655E-05
2013-03-25,94.55,0.0122042608,8.24763368210039E-05
2013-03-26,95.99,0.015230037,9.01256355527385E-05
2013-03-27,96.53,0.005625586,9.06931821722337E-05
2013-03-28,97.24,0.0073552264,9.2308061755249E-05
2013-03-29,97.24,0,8.54254953637187E-05
2013-04-01,97.1,-0.0014397367,8.55429183786817E-05
2013-04-02,97.23,0.001338826,8.36998372714137E-05
2013-04-03,95.02,-0.0227296102,0.000090006
2013-04-04,93.26,-0.0185224163,8.44335391323531E-05
2013-04-05,92.76,-0.0053613554,0.000085026
2013-04-08,93.36,0.0064683053,8.58304527425072E-05
2013-04-09,94.18,0.0087832048,8.81464973652355E-05
2013-04-10,94.59,0.0043533659,0.000088532
2013-04-11,93.44,-0.0121577334,9.11481382818059E-05
2013-04-12,91.23,-0.0236515411,0.0001035979
2013-04-15,88.75,-0.0271840403,0.0001275186
2013-04-16,88.73,-0.0002253521,0.0001247822
2013-04-17,86.65,-0.0234419024,0.0001416553
2013-04-18,87.83,0.0136180035,0.0001434916
2013-04-19,88.04,0.0023909826,0.0001424744
2013-04-22,88.81,0.0087460245,0.0001458034
2013-04-23,89.21,0.0045039973,0.0001459836
2013-04-24,91.07,0.0208496805,0.0001620622
2013-04-25,93.27,0.0241572417,0.0001810804
2013-04-26,92.63,-0.0068617991,0.0001818422
2013-04-29,94.09,0.0157616323,0.0001902143
2013-04-30,93.22,-0.0092464661,0.0001867403
2013-05-01,90.74,-0.0266037331,0.0002082437
2013-05-02,93.7,0.0326206745,0.0002430296
2013-05-03,95.25,0.0165421558,0.0002485373
2013-05-06,95.8,0.0057742782,0.0002448453
2013-05-07,95.28,-0.0054279749,0.0002381651
2013-05-08,96.24,0.0100755668,0.0002405922
2013-05-09,96.09,-0.0015586035,0.0002387291
2013-05-10,95.81,-0.0029139349,0.0002389556
2013-05-13,94.76,-0.0109591901,0.0002426733
2013-05-14,93.96,-0.0084423808,0.0002444902
2013-05-15,93.95,-0.0001064283,0.0002276809
2013-05-16,94.85,0.0095795636,0.0002186253
2013-05-17,95.72,0.0091723774,0.0002196215
2013-05-20,96.29,0.0059548684,0.0002194421
2013-05-21,95.55,-0.0076851179,0.0002197979
2013-05-22,93.98,-0.0164311879,0.0002288002
2013-05-23,94.12,0.0014896787,0.0002236646
2013-05-24,93.84,-0.0029749256,0.0002036899
2013-05-27,93.84,0,0.0001754106
2013-05-28,94.65,0.0086317136,0.0001766996
2013-05-29,93.13,-0.0160591653,0.0001654402
2013-05-30,93.57,0.0047245785,0.0001612493
2013-05-31,91.93,-0.0175269851,0.0001741975
2013-06-03,93.41,0.0160992059,0.0001796611
2013-06-04,93.36,-0.0005352746,0.0001795579
2013-06-05,93.66,0.0032133676,0.0001665166
2013-06-06,94.71,0.0112107623,0.0001514413
2013-06-07,96.11,0.014781966,0.0001559423
2013-06-10,95.82,-0.0030173759,0.000148975
2013-06-11,95.5,-0.0033395951,0.0001460945
2013-06-12,95.98,0.005026178,0.0001194987
2013-06-13,96.66,0.0070848093,8.71866727218893E-05
2013-06-14,97.83,0.0121042831,8.31106387105918E-05
2013-06-17,97.86,0.0003066544,0.000082281
2013-06-18,98.46,0.0061312078,8.18104678439949E-05
2013-06-19,98.24,-0.0022344099,7.92710548033752E-05
2013-06-20,94.89,-0.0341001629,0.0001196927
2013-06-21,93.81,-0.0113815997,0.0001235739
2013-06-24,95.07,0.0134314039,0.0001260506
2013-06-25,95.25,0.0018933417,0.0001234723
2013-06-26,95.47,0.0023097113,0.0001235634
2013-06-27,97,0.0160259767,0.0001289428
2013-06-28,96.36,-0.0065979381,0.0001281381
2013-07-01,97.94,0.0163968452,0.000135856
2013-07-02,99.65,0.0174596692,0.0001425074
2013-07-03,101.92,0.0227797291,0.0001453468
2013-07-04,101.92,0,0.0001455531
2013-07-05,103.09,0.0114795918,0.0001468324
2013-07-08,103.03,-0.0005820157,0.0001469726
2013-07-09,103.46,0.0041735417,0.0001459621
2013-07-10,106.41,0.0285134351,0.0001534697
2013-07-11,104.77,-0.0154120853,0.0001667125
2013-07-12,105.85,0.0103082944,0.00015149
2013-07-15,106.2,0.0033065659,0.0001469624
2013-07-16,105.88,-0.0030131827,0.0001480033
2013-07-17,106.39,0.0048167737,0.0001479716
2013-07-18,107.94,0.0145690384,0.0001499414
2013-07-19,108,0.0005558644,0.0001465416
2013-07-22,106.61,-0.0128703704,0.0001545233
2013-07-23,107.13,0.0048775912,0.0001528197
2013-07-24,105.41,-0.01605526,0.000166014
2013-07-25,105.47,0.000569206,0.0001656876
2013-07-26,104.76,-0.0067317721,0.0001656771
2013-07-29,104.61,-0.0014318442,0.0001660245
2013-07-30,103.14,-0.0140521939,0.0001742793
2013-07-31,105.1,0.0190032965,0.0001836488
2013-08-01,107.93,0.0269267364,0.0001544182
2013-08-02,106.94,-0.0091726119,0.0001521803
2013-08-05,106.61,-0.0030858425,0.0001510425
2013-08-06,105.32,-0.0121001782,0.0001595051
2013-08-07,104.41,-0.0086403342,0.0001643496
2013-08-08,103.45,-0.0091945216,0.0001630123
2013-08-09,106.04,0.0250362494,0.0001771176
2013-08-12,106.19,0.0014145605,0.0001710478
2013-08-13,106.78,0.0055560787,0.0001637212
2013-08-14,106.89,0.0010301555,0.0001488976
2013-08-15,107.43,0.0050519225,0.00014917
2013-08-16,107.58,0.001396258,0.0001458475
2013-08-19,107.14,-0.0040899796,0.0001467595
2013-08-20,104.9,-0.0209072242,0.0001628873
2013-08-21,103.93,-0.0092469018,0.0001375659
2013-08-22,104.93,0.0096218609,0.0001330894
2013-08-23,106.48,0.0147717526,0.0001368913
2013-08-26,105.88,-0.005634861,0.0001376799
2013-08-27,109.11,0.0305062335,0.0001682454
2013-08-28,110.17,0.0097149665,0.0001703065
2013-08-29,108.51,-0.0150676228,0.0001723537
2013-08-30,107.98,-0.0048843425,0.0001732286
2013-09-02,107.98,0,0.0001672578
2013-09-03,108.67,0.0063900722,0.0001677901
2013-09-04,107.29,-0.012698997,0.0001643205
2013-09-05,108.5,0.0112778451,0.0001680698
2013-09-06,110.62,0.0195391705,0.0001770211
2013-09-09,109.62,-0.0090399566,0.0001806992
2013-09-10,107.48,-0.019521985,0.0001876188
2013-09-11,107.65,0.0015816896,0.0001766639
2013-09-12,108.72,0.0099396191,0.0001557733
2013-09-13,108.31,-0.0037711553,0.0001532104
2013-09-16,106.54,-0.0163419813,0.0001623444
2013-09-17,105.36,-0.0110756523,0.0001615205
2013-09-18,108.23,0.0272399393,0.0001828293
2013-09-19,106.26,-0.0182019773,0.0001920446
2013-09-20,104.7,-0.0146809712,0.0001787506
2013-09-23,103.62,-0.0103151862,0.0001819193
2013-09-24,103.22,-0.0038602586,0.0001807935
2013-09-25,102.68,-0.0052315443,0.0001812054
2013-09-26,103.1,0.0040903779,0.0001808182
2013-09-27,102.86,-0.0023278371,0.0001805923
2013-09-30,102.36,-0.0048609761,0.0001807548
2013-10-01,102.09,-0.0026377491,0.000167344
2013-10-02,104.15,0.0201782741,0.000179113
2013-10-03,103.29,-0.0082573212,0.0001780974
2013-10-04,103.83,0.0052279988,0.0001711217
2013-10-07,103.07,-0.0073196571,0.0001717831
2013-10-08,103.54,0.0045600078,0.0001381797
2013-10-09,101.63,-0.018446977,0.0001424878
2013-10-10,103.08,0.0142674407,0.0001459841
2013-10-11,102.17,-0.0088280947,0.0001473852
2013-10-14,102.46,0.0028384066,0.0001480004
2013-10-15,101.15,-0.0127854773,0.0001495898
2013-10-16,102.34,0.0117647059,0.0001520202
2013-10-17,100.72,-0.0158295876,0.0001526261
2013-10-18,100.87,0.0014892772,0.0001361713
2013-10-21,99.28,-0.0157628631,0.0001404759
2013-10-22,97.63,-0.0166196616,0.0001374955
2013-10-23,96.9,-0.0074772099,0.0001372857
2013-10-24,96.65,-0.0025799794,0.0001309629
2013-10-25,97.4,0.0077599586,0.0001354593
2013-10-28,98.74,0.0137577002,0.0001389336
2013-10-29,98.29,-0.0045574235,0.0001364787
2013-10-30,96.81,-0.015057483,0.0001100995
2013-10-31,96.29,-0.0053713459,0.0001027164
2013-11-01,94.56,-0.0179665594,0.0001056711
2013-11-04,94.58,0.0002115059,0.0001043
2013-11-05,93.4,-0.0124762106,0.0001072929
2013-11-06,94.74,0.0143468951,0.0001174282
2013-11-07,94.25,-0.0051720498,0.000116
2013-11-08,94.56,0.0032891247,0.0001172853
2013-11-11,95.13,0.0060279188,0.0001196477
2013-11-12,93.12,-0.0211289814,0.0001313728
2013-11-13,93.91,0.008483677,0.00011724
2013-11-14,93.76,-0.001597274,0.0001164816
2013-11-15,93.8,0.0004266212,0.0001144708
2013-11-18,93.03,-0.0082089552,0.0001147422
2013-11-19,93.35,0.0034397506,0.0001141725
2013-11-20,93.34,-0.0001071237,0.0001063425
2013-11-21,95.35,0.0215341761,0.0001166465
2013-11-22,94.53,-0.0085998951,0.0001165492
2013-11-25,93.86,-0.007087697,0.0001161578
2013-11-26,93.41,-0.0047943746,0.0001128174
2013-11-27,92.05,-0.014559469,0.0001098459
2013-11-28,92.05,0,0.0001047087
2013-11-29,92.55,0.0054318305,0.0001064325
2013-12-02,93.61,0.0114532685,0.0001068182
2013-12-03,95.83,0.023715415,0.0001201211
2013-12-04,96.97,0.011896066,0.0001233928
2013-12-05,97.14,0.0017531195,0.0001232227
2013-12-06,97.48,0.0035001029,0.0001216148
2013-12-09,97.1,-0.0038982355,0.0001153586
2013-12-10,98.32,0.0125643666,0.0001203423
2013-12-11,97.25,-0.0108828316,0.0001165684
2013-12-12,97.21,-0.0004113111,0.0001154801
2013-12-13,96.27,-0.0096697871,0.0001072811
2013-12-16,97.18,0.0094525813,0.0001098486
2013-12-17,96.99,-0.0019551348,0.0001037911
2013-12-18,97.59,0.0061862048,9.86726878304213E-05
2013-12-19,98.4,0.0083000307,9.89545971546393E-05
2013-12-20,99.11,0.0072154472,0.000099957
2013-12-23,98.62,-0.0049440016,0.0001006313
2013-12-24,98.87,0.0025349828,8.27745358185583E-05
2013-12-25,98.87,0,0.000081403
2013-12-26,99.18,0.0031354304,0.000081055
2013-12-27,99.94,0.0076628352,8.20581851614774E-05
2013-12-30,98.9,-0.0104062437,8.37896794918352E-05
2013-12-31,98.17,-0.0073811931,8.66795100066787E-05
2014-01-01,98.17,0,8.66663845235854E-05
2014-01-02,95.14,-0.0308648263,0.0001066028
2014-01-03,93.66,-0.0155560227,0.0001123309
2014-01-06,93.12,-0.0057655349,0.0001117661
2014-01-07,93.31,0.002040378,0.0001111621
2014-01-08,91.9,-0.0151109206,0.0001117266
2014-01-09,91.36,-0.0058759521,0.0001128775
2014-01-10,92.39,0.0112740806,0.0001162827
2014-01-13,91.45,-0.0101742613,0.0001147894
2014-01-14,92.15,0.007654456,9.6319484852828E-05
2014-01-15,93.78,0.0176885513,0.0001026925
2014-01-16,93.54,-0.0025591811,0.0001024745
2014-01-17,93.96,0.0044900577,0.0001028286
2014-01-20,93.96,0,0.000102603
2014-01-21,94.51,0.0058535547,9.78054754659294E-05
2014-01-22,96.35,0.0194688393,0.000108389
2014-01-23,97.23,0.0091333679,0.0001113243
2014-01-24,96.66,-0.0058623882,0.0001092524
2014-01-27,95.82,-0.0086902545,0.0001086321
2014-01-28,97.49,0.0174285118,0.0001191001
2014-01-29,97.34,-0.0015386193,0.0001179156
2014-01-30,98.25,0.0093486747,0.0001185545
2014-01-31,97.55,-0.0071246819,0.0001182799
2014-02-03,96.44,-0.0113787801,0.000121645
2014-02-04,97.24,0.0082953131,0.0001240305
2014-02-05,97.4,0.0016454134,0.0001241768
2014-02-06,97.84,0.0045174538,0.0001245812
2014-02-07,99.98,0.0218724448,0.000139206
2014-02-10,100.12,0.0014002801,0.0001353135
2014-02-11,99.96,-0.0015980823,0.0001332953
2014-02-12,100.38,0.0042016807,0.0001336905
2014-02-13,100.27,-0.0010958358,9.82066420679469E-05
2014-02-14,100.31,0.0003989229,8.75950806284621E-05
2014-02-17,100.31,0,8.5483658509583E-05
2014-02-18,102.54,0.0222310836,9.83998408075549E-05
2014-02-19,103.46,0.0089721084,8.73262190279215E-05
2014-02-20,103.2,-0.0025130485,8.54128952585512E-05
2014-02-21,102.53,-0.0064922481,0.000087158
2014-02-24,103.17,0.0062420755,8.06381386877249E-05
2014-02-25,102.2,-0.0094019579,8.61147764478052E-05
2014-02-26,102.93,0.0071428571,0.000079501
2014-02-27,102.68,-0.0024288351,7.94503111051108E-05
2014-02-28,102.88,0.001947799,7.94309018524209E-05
2014-03-03,105.34,0.023911353,9.34335534359202E-05
2014-03-04,103.64,-0.0161382191,0.0001065356
2014-03-05,101.75,-0.0182362022,0.0001114376
2014-03-06,101.82,0.0006879607,0.0001095863
2014-03-07,102.82,0.0098212532,0.0001097232
2014-03-10,101.39,-0.0139078,0.0001145184
2014-03-11,100.29,-0.0108491962,0.000110968
2014-03-12,98.29,-0.0199421677,0.0001254769
2014-03-13,98.57,0.002848713,0.0001228667
2014-03-14,99.23,0.0066957492,0.0001222829
2014-03-17,98.43,-0.008062078,0.0001199031
2014-03-18,100.08,0.016763182,0.0001267062
2014-03-19,100.71,0.006294964,0.000127627
2014-03-20,99.68,-0.0102273856,0.0001314762
2014-03-21,99.97,0.0029093098,0.0001157535
2014-03-24,100.05,0.0008002401,0.0001157097
2014-03-25,99.66,-0.003898051,0.0001161447
2014-03-26,100.61,0.0095324102,0.0001186528
2014-03-27,101.25,0.0063611967,0.0001198741
2014-03-28,101.73,0.0047407407,0.0001205075
2014-03-31,101.57,-0.0015727907,0.0001206471
2014-04-01,99.69,-0.0185094024,0.000114844
2014-04-02,99.6,-0.0009027987,0.0001113824
2014-04-03,100.29,0.0069277108,0.0001135067
2014-04-04,101.16,0.008674843,0.0001153232
2014-04-07,100.43,-0.007216291,0.0001152028
2014-04-08,102.57,0.021308374,0.0001285088
2014-04-09,103.55,0.0095544506,0.0001298603
2014-04-10,103.37,-0.0017382907,0.000129748
2014-04-11,103.68,0.0029989359,0.0001299053
2014-04-14,104.05,0.0035686728,0.0001106035
2014-04-15,103.7,-0.0033637674,0.0001021399
2014-04-16,103.71,0.000096432,9.01994819788552E-05
2014-04-17,104.33,0.0059782085,9.11353364680883E-05
2014-04-18,104.33,0,8.82782761753666E-05
2014-04-21,104.35,0.0001916994,0.000080867
2014-04-22,101.69,-0.0254911356,9.99771266575632E-05
2014-04-23,101.47,-0.0021634379,8.54355511131647E-05
2014-04-24,102.2,0.0071942446,8.65880779461153E-05
2014-04-25,100.85,-0.0132093933,0.000092317
2014-04-28,101.13,0.0027764006,8.97694623585777E-05
2014-04-29,101.56,0.0042519529,8.13393857023467E-05
2014-04-30,100.07,-0.0146711304,8.76546379524483E-05
2014-05-01,99.69,-0.0037973419,8.45728306253223E-05
2014-05-02,100.09,0.0040124386,8.48313499151957E-05
2014-05-05,99.74,-0.0034968528,8.52337530611524E-05
2014-05-06,99.81,0.0007018247,8.47221479166247E-05
2014-05-07,101.06,0.0125237952,8.6968158768373E-05
2014-05-08,100.52,-0.0053433604,0.000086554
2014-05-09,100.32,-0.0019896538,0.000085771
2014-05-12,100.89,0.0056818182,8.69503606658468E-05
2014-05-13,102.01,0.0111011993,7.8749429364027E-05
2014-05-14,102.63,0.0060778355,7.95514109653397E-05
2014-05-15,101.74,-0.0086719283,8.13266722588974E-05
2014-05-16,102.31,0.0056025162,0.000079913
2014-05-19,102.95,0.006255498,7.88719311299957E-05
2014-05-20,102.8,-0.001457018,6.40501939453216E-05
2014-05-21,104.31,0.014688716,6.82745229152923E-05
2014-05-22,104.03,-0.0026843064,6.84358345272172E-05
2014-05-23,105.01,0.0094203595,7.10297332781836E-05
2014-05-26,105.01,0,0.000070689
2014-05-27,104.78,-0.0021902676,7.04351379871773E-05
2014-05-28,103.37,-0.0134567666,7.68228237782966E-05
2014-05-29,104.26,0.0086098481,7.81517661976753E-05
2014-05-30,103.4,-0.0082486092,8.04286172558149E-05
2014-06-02,103.07,-0.0031914894,8.07049047804408E-05
2014-06-03,103.34,0.0026195789,5.83478742841257E-05
2014-06-04,103.27,-0.0006773757,5.81418694863247E-05
2014-06-05,103.17,-0.0009683354,5.66587681955317E-05
2014-06-06,103.32,0.001453911,5.01215017137011E-05
2014-06-09,105.09,0.0171312427,0.000058916
2014-06-10,105.02,-0.0006660957,5.87243024654704E-05
2014-06-11,105.04,0.0001904399,4.98753069701123E-05
2014-06-12,107.2,0.0205635948,6.05202917641886E-05
2014-06-13,107.49,0.0027052239,6.04366721368102E-05
2014-06-16,107.52,0.0002790957,5.93738539535497E-05
2014-06-17,106.95,-0.0053013393,6.1334231018347E-05
2014-06-18,106.64,-0.0028985507,5.84259058369856E-05
2014-06-19,107.08,0.0041260315,0.000056736
2014-06-20,107.95,0.0081247665,5.72676217842941E-05
2014-06-23,106.83,-0.0103751737,6.23095700309292E-05
2014-06-24,106.64,-0.0017785266,5.97005416608962E-05
2014-06-25,107.04,0.0037509377,5.91479051963458E-05
2014-06-26,106.49,-0.0051382661,5.71018276536788E-05
2014-06-27,106.46,-0.0002817166,5.66112791772766E-05
2014-06-30,106.07,-0.0036633477,5.65374859450107E-05
2014-07-01,106.06,-9.42773640048167E-05,5.63663214580121E-05
2014-07-02,105.18,-0.0082971903,5.23865080456863E-05
2014-07-03,104.76,-0.0039931546,5.27131811710244E-05
2014-07-04,104.76,0,0.000049719
2014-07-07,104.19,-0.005441008,0.000050685
2014-07-08,104.06,-0.0012477205,5.05876209818135E-05
2014-07-09,102.93,-0.0108591197,4.84386036203548E-05
2014-07-10,103.61,0.0066064316,4.7366372639016E-05
2014-07-11,101.48,-0.0205578612,5.92617051674426E-05
2014-07-14,101.73,0.0024635396,5.93154283786963E-05
2014-07-15,100.56,-0.0115010321,0.000063014
2014-07-16,101.88,0.0131264916,6.95566703414244E-05
2014-07-17,103.84,0.0192383196,8.24000873477786E-05
2014-07-18,103.83,-0.000096302,8.23520713853097E-05
2014-07-21,105.34,0.014543003,7.95538428428593E-05
2014-07-22,104.59,-0.0071198025,0.000081291
2014-07-23,103.81,-0.0074576919,8.30888798070776E-05
2014-07-24,102.76,-0.0101146325,7.02076779377115E-05
2014-07-25,105.23,0.0240365901,9.13779261334541E-05
2014-07-28,105.68,0.004276347,9.2170526143162E-05
2014-07-29,104.91,-0.0072861469,9.29548474175683E-05
2014-07-30,104.29,-0.0059098275,9.37350863332291E-05
2014-07-31,98.23,-0.0581072011,0.0002021326
2014-08-01,97.86,-0.0037666701,0.0001979099
2014-08-04,98.26,0.0040874719,0.0001976937
2014-08-05,97.34,-0.0093629147,0.0001991364
2014-08-06,96.93,-0.0042120403,0.0001975762
2014-08-07,97.34,0.0042298566,0.0001992521
2014-08-08,97.61,0.0027737826,0.0002001134
2014-08-11,98.09,0.0049175289,0.0002020511
2014-08-12,97.36,-0.007442145,0.0002026295
2014-08-13,97.57,0.0021569433,0.0002022725
2014-08-14,95.54,-0.0208055755,0.0002135409
2014-08-15,97.3,0.0184216035,0.0002286146
2014-08-18,96.44,-0.0088386434,0.0002297244
2014-08-19,94.35,-0.0216715056,0.0002419209
2014-08-20,96.4,0.02172761,0.0002599721
2014-08-21,93.97,-0.0252074689,0.0002747062
2014-08-22,93.61,-0.0038310099,0.0002639111
2014-08-25,95.39,0.0190150625,0.0002787746
2014-08-26,95.78,0.0040884789,0.0002766672
2014-08-27,95.82,0.0004176237,0.0002692433
2014-08-28,96.44,0.0064704655,0.0002560553
2014-08-29,97.86,0.0147241808,0.0002656656
2014-09-01,97.86,0,0.0002562824
2014-09-02,92.92,-0.0504802779,0.0003332877
2014-09-03,95.5,0.0277658201,0.0003656902
2014-09-04,94.51,-0.0103664921,0.0003658228
2014-09-05,93.32,-0.0125912602,0.0003432422
2014-09-08,92.64,-0.0072867553,0.0003412371
2014-09-09,92.73,0.0009715026,0.0003417595
2014-09-10,91.71,-0.0109996765,0.0003433155
2014-09-11,92.89,0.0128666449,0.0002469064
2014-09-12,92.18,-0.0076434492,0.000247949
2014-09-15,92.86,0.0073768713,0.0002496612
2014-09-16,94.91,0.0220762438,0.0002661248
2014-09-17,94.33,-0.0061110526,0.0002667034
2014-09-18,93.07,-0.0133573625,0.0002709422
2014-09-19,92.43,-0.0068765445,0.000271294
2014-09-22,91.46,-0.0104944282,0.0002721951
2014-09-23,91.55,0.0009840367,0.000271514
2014-09-24,93.6,0.0223921354,0.0002908476
2014-09-25,93.59,-0.0001068376,0.000277202
2014-09-26,95.55,0.0209424084,0.0002807124
2014-09-29,94.53,-0.0106750392,0.0002818849
2014-09-30,91.17,-0.0355442717,0.0003085276
2014-10-01,90.74,-0.0047164637,0.0002904033
2014-10-02,91.02,0.0030857395,0.0002715557
2014-10-03,89.76,-0.0138431114,0.0002769002
2014-10-06,90.33,0.0063502674,0.0002645344
2014-10-07,88.89,-0.0159415477,0.0002699311
2014-10-08,87.29,-0.017999775,0.0002777177
2014-10-09,85.76,-0.017527781,0.0002812944
2014-10-10,85.87,0.0012826493,0.0002701751
2014-10-13,85.73,-0.0016303715,0.0002697897
2014-10-14,81.72,-0.046774758,0.0002584382
2014-10-15,81.82,0.0012236907,0.0002235059
2014-10-16,82.33,0.0062331948,0.000226583
2014-10-17,82.8,0.0057087331,0.0002275063
2014-10-20,82.76,-0.0004830918,0.000227445
2014-10-21,83.25,0.0059207347,0.0002298359
2014-10-22,80.52,-0.0327927928,0.000256975
2014-10-23,82.81,0.0284401391,0.0002833923
2014-10-24,81.27,-0.0185967878,0.000290383
2014-10-27,81.26,-0.0001230466,0.0002863483
2014-10-28,81.36,0.0012306178,0.0002629159
2014-10-29,82.25,0.0109390364,0.0002712918
2014-10-30,81.06,-0.0144680851,0.0002720171
2014-10-31,80.53,-0.0065383666,0.0002719646
2014-11-03,78.77,-0.0218552092,0.0002810021
2014-11-04,77.15,-0.0205662054,0.0002878424
2014-11-05,78.71,0.02022035,0.0002838148
2014-11-06,77.87,-0.0106720874,0.0002835184
2014-11-07,78.71,0.0107872095,0.000268106
2014-11-10,77.43,-0.0162622284,0.0002708281
2014-11-11,77.85,0.0054242542,0.0002447052
2014-11-12,77.16,-0.0088631985,0.0002451597
2014-11-13,74.13,-0.0392690513,0.0002805508
2014-11-14,75.91,0.024011871,0.0003096209
2014-11-17,75.64,-0.0035568436,0.0003048507
2014-11-18,74.55,-0.0144103649,0.0003038527
2014-11-19,74.55,0,0.0002993826
2014-11-20,75.63,0.0144869215,0.0003061055
2014-11-21,76.52,0.011767817,0.000313613
2014-11-24,75.74,-0.0101934135,0.0003148455
2014-11-25,74.04,-0.0224452073,0.0002627504
2014-11-26,73.7,-0.0045921124,0.0002621209
2014-11-27,73.7,0,0.0002592962
2014-11-28,65.94,-0.1052917232,0.0005990582
2014-12-01,68.98,0.0461025174,0.0006931664
2014-12-02,66.99,-0.0288489417,0.0007055854
2014-12-03,67.3,0.0046275564,0.000685348
2014-12-04,66.73,-0.0084695394,0.0006440661
2014-12-05,65.89,-0.0125880414,0.0006404007
2014-12-08,63.13,-0.0418879951,0.0006797527
2014-12-09,63.74,0.009662601,0.0006875133
2014-12-10,60.99,-0.0431440226,0.000715274
2014-12-11,60.01,-0.0160682079,0.0007159009
2014-12-12,57.81,-0.0366605566,0.0007397557
2014-12-15,55.96,-0.0320013838,0.0007510499
2014-12-16,55.97,0.0001786991,0.0007516467
2014-12-17,56.43,0.0082186886,0.0007312152
2014-12-18,54.18,-0.0398724083,0.000759651
2014-12-19,56.91,0.0503875969,0.0008731702
2014-12-22,55.25,-0.0291688631,0.0008840134
2014-12-23,56.78,0.0276923077,0.0009253796
2014-12-24,55.7,-0.019020782,0.000928018
2014-12-25,55.7,0,0.0009010877
2014-12-26,54.59,-0.0199281867,0.0008652984
2014-12-29,53.46,-0.0206997619,0.0008668848
2014-12-30,54.14,0.0127197905,0.0008851738
2014-12-31,53.45,-0.0127447359,0.000881651
2015-01-01,53.45,0,0.0008635897
2015-01-02,52.72,-0.0136576239,0.0008450827
2015-01-05,50.05,-0.0506449165,0.0008948013
2015-01-06,47.98,-0.0413586414,0.0009186912
2015-01-07,48.69,0.0147978324,0.000943673
2015-01-08,48.8,0.0022591908,0.0009459085
2015-01-09,48.35,-0.0092213115,0.000643271
2015-01-12,46.06,-0.0473629783,0.0005729752
2015-01-13,45.92,-0.0030395137,0.0005671354
2015-01-14,48.49,0.055966899,0.0007146908
2015-01-15,46.37,-0.0437203547,0.0007511221
2015-01-16,48.49,0.045719215,0.0008608631
2015-01-19,48.49,0,0.0008265184
2015-01-20,46.79,-0.035058775,0.0008376083
2015-01-21,47.85,0.0226544133,0.0008308303
2015-01-22,45.93,-0.0401253918,0.0008640812
2015-01-23,45.26,-0.0145874156,0.0008373872
2015-01-26,44.8,-0.0101634998,0.0008167153
2015-01-27,45.84,0.0232142857,0.0008457962
2015-01-28,44.08,-0.0383944154,0.0008717907
2015-01-29,44.12,0.000907441,0.0008369631
2015-01-30,47.79,0.0831822303,0.0010012928
2015-02-02,49.25,0.0305503243,0.0010219743
2015-02-03,53.04,0.0769543147,0.0012082789
2015-02-04,48.45,-0.0865384615,0.0014409165
2015-02-05,50.48,0.0418988648,0.0015108302
2015-02-06,51.66,0.0233755943,0.0015214302
2015-02-09,52.99,0.0257452575,0.0015305673
2015-02-10,50.06,-0.0552934516,0.0016271814
2015-02-11,48.8,-0.0251697962,0.0016416865
2015-02-12,51.17,0.0485655738,0.0017277995
2015-02-13,52.66,0.0291186242,0.0017503256
2015-02-16,52.66,0,0.0016561112
2015-02-17,53.56,0.017090771,0.0015932118
2015-02-18,52.13,-0.0266990291,0.0016209808
2015-02-19,51.12,-0.0193746403,0.0016377778
2015-02-20,49.95,-0.0228873239,0.0016548993
2015-02-23,49.56,-0.0078078078,0.0015727093
2015-02-24,48.48,-0.0217917676,0.0015925038
2015-02-25,50.25,0.036509901,0.001533482
2015-02-26,47.65,-0.0517412935,0.0015608784
2015-02-27,49.84,0.0459601259,0.0015616123
2015-03-02,49.59,-0.0050160514,0.0015630287
2015-03-03,50.43,0.016938899,0.0015220431
2015-03-04,51.53,0.0218124132,0.0015209391
2015-03-05,50.76,-0.0149427518,0.0014668197
2015-03-06,49.61,-0.0226556344,0.0014793584
2015-03-09,49.95,0.006853457,0.0014726491
2015-03-10,48.42,-0.0306306306,0.0014992236
2015-03-11,48.06,-0.0074349442,0.0014437498
2015-03-12,47.12,-0.0195588847,0.0014614882
2015-03-13,44.88,-0.0475382003,0.0013073262
2015-03-16,43.93,-0.0211675579,0.0012823224
2015-03-17,43.39,-0.0122922832,0.0010545942
2015-03-18,44.63,0.0285780134,0.0008581568
2015-03-19,44.02,-0.0136679364,0.0007916297
2015-03-20,46,0.0449795547,0.0008482294
2015-03-23,47.4,0.0304347826,0.0008584049
2015-03-24,47.03,-0.0078059072,0.0007632763
2015-03-25,48.75,0.0365724006,0.0007904582
2015-03-26,51.41,0.0545641026,0.0008116054
2015-03-27,48.83,-0.050184789,0.000864974
2015-03-30,48.66,-0.0034814663,0.0008648746
2015-03-31,47.72,-0.0193177148,0.0008605906
2015-04-01,50.12,0.050293378,0.0009346116
2015-04-02,49.13,-0.0197525938,0.000935099
2015-04-03,49.13,0,0.0009178112
2015-04-06,52.08,0.0600447792,0.0010352538
2015-04-07,53.95,0.035906298,0.001050946
2015-04-08,50.44,-0.065060241,0.0011676301
2015-04-09,50.79,0.0069389374,0.0010702257
2015-04-10,51.63,0.0165386887,0.0010111918
2015-04-13,51.95,0.0061979469,0.0010102167
2015-04-14,53.3,0.0259865255,0.0010222427
2015-04-15,56.25,0.0553470919,0.0011047623
2015-04-16,56.69,0.0078222222,0.0010931477
2015-04-17,55.71,-0.0172869995,0.0010841589
2015-04-20,56.37,0.0118470652,0.0010858364
2015-04-21,55.58,-0.0140145467,0.0010547106
2015-04-22,56.17,0.0106153293,0.0010499467
2015-04-23,56.59,0.0074773011,0.0010271816
2015-04-24,55.98,-0.0107792896,0.000934928
2015-04-27,55.56,-0.0075026795,0.0009138113
2015-04-28,57.05,0.0268178546,0.0009092557
2015-04-29,58.55,0.0262927257,0.0009064393
2015-04-30,59.62,0.0182749787,0.0008893525
2015-05-01,59.1,-0.0087219054,0.0008581254
2015-05-04,58.92,-0.0030456853,0.0008455404
2015-05-05,60.38,0.0247793618,0.0008461191
2015-05-06,60.93,0.0091089765,0.0008186063
2015-05-07,58.99,-0.0318398162,0.0007891374
2015-05-08,59.41,0.0071198508,0.0006805974
2015-05-11,59.23,-0.003029793,0.0006802812
2015-05-12,60.72,0.0251561709,0.0006657922
2015-05-13,60.5,-0.0036231884,0.0006068583
2015-05-14,59.89,-0.0100826446,0.0005924095
2015-05-15,59.73,-0.0026715645,0.0005939204
2015-05-18,59.44,-0.0048551817,0.000496096
2015-05-19,57.3,-0.0360026918,0.0005134873
2015-05-20,58.96,0.0289703316,0.0003716484
2015-05-21,60.18,0.0206919946,0.0003794181
2015-05-22,58.88,-0.0216018611,0.0003998006
2015-05-25,58.88,0,0.0004003902
2015-05-26,57.29,-0.0270040761,0.0004150105
2015-05-27,57.51,0.0038401117,0.0003161049
2015-05-28,57.69,0.0031298905,0.0003145961
2015-05-29,60.25,0.0443751083,0.0003646956
2015-06-01,60.24,-0.0001659751,0.000362003
2015-06-02,61.3,0.0175962815,0.0003595476
2015-06-03,59.67,-0.0265905383,0.0003872891
2015-06-04,58,-0.0279872633,0.0004163155
2015-06-05,59.11,0.019137931,0.0004218018
2015-06-08,58.15,-0.0162409068,0.0004300851
2015-06-09,60.15,0.0343938091,0.0004451074
2015-06-10,61.36,0.0201163757,0.0004360229
2015-06-11,60.74,-0.0101043025,0.000430574
2015-06-12,59.96,-0.01284162,0.0004338531
2015-06-15,59.53,-0.0071714476,0.0004354837
2015-06-16,60.01,0.0080631614,0.0004168694
2015-06-17,59.89,-0.0019996667,0.0004140015
2015-06-18,60.41,0.0086825847,0.0003808012
2015-06-19,59.62,-0.0130773051,0.0003858419
2015-06-22,60.01,0.0065414291,0.0003866952
2015-06-23,61.05,0.0173304449,0.0003754957
2015-06-24,60.01,-0.017035217,0.0003851776
2015-06-25,59.59,-0.0069988335,0.0003833684
2015-06-26,59.41,-0.003020641,0.0003834372
2015-06-29,58.34,-0.018010436,0.000393616
2015-06-30,59.48,0.0195406239,0.0003601982
2015-07-01,56.94,-0.0427034297,0.0003952474
2015-07-02,56.93,-0.0001756235,0.0003785872
2015-07-03,56.93,0,0.0003644419
2015-07-06,52.48,-0.078166169,0.0005630073
2015-07-07,52.33,-0.0028582317,0.0005433874
2015-07-08,51.61,-0.0137588381,0.000545717
2015-07-09,52.76,0.0222825034,0.0005664815
2015-07-10,52.74,-0.0003790751,0.0004879647
2015-07-13,52.19,-0.0104285173,0.0004886297
2015-07-14,53.05,0.0164782525,0.0004869654
2015-07-15,51.4,-0.0311027333,0.0004944978
2015-07-16,50.9,-0.0097276265,0.000476307
2015-07-17,50.88,-0.0003929273,0.0004577112
2015-07-20,50.11,-0.0151336478,0.0004568753
2015-07-21,50.59,0.0095789264,0.0004104597
2015-07-22,49.27,-0.0260921131,0.0003998434
2015-07-23,48.11,-0.0235437386,0.0004086585
2015-07-24,47.98,-0.0027021409,0.0004083763
2015-07-27,47.17,-0.0168820342,0.0004115008
2015-07-28,47.97,0.0169599322,0.0004237024
2015-07-29,48.77,0.0166770898,0.0004420622
2015-07-30,48.53,-0.004921058,0.0004338893
2015-07-31,47.11,-0.0292602514,0.0004493375
2015-08-03,45.25,-0.0394820633,0.0004750677
2015-08-04,45.75,0.0110497238,0.0004649208
2015-08-05,45.13,-0.0135519126,0.0004634767
2015-08-06,44.69,-0.0097496122,0.0004633068
2015-08-07,43.87,-0.0183486239,0.0004644836
2015-08-10,44.94,0.0243902439,0.0005004804
2015-08-11,43.11,-0.0407209613,0.0005053528
2015-08-12,43.22,0.0025516122,0.000472869
2015-08-13,42.27,-0.0219805646,0.0004755773
2015-08-14,42.45,0.0042583392,0.000479013
2015-08-17,41.93,-0.0122497055,0.0003116852
2015-08-18,42.58,0.0155020272,0.0003285478
2015-08-19,40.75,-0.0429779239,0.0003712521
2015-08-20,41,0.0061349693,0.0003465952
2015-08-21,40.45,-0.0134146341,0.000345227
2015-08-24,38.22,-0.0551297899,0.0004173597
2015-08-25,39.15,0.02433281,0.0004338276
2015-08-26,38.5,-0.0166028097,0.0004195975
2015-08-27,42.47,0.1031168831,0.0008413623
2015-08-28,45.29,0.0663998116,0.0010141468
2015-08-31,49.2,0.0863325237,0.0012751694
2015-09-01,45.38,-0.0776422764,0.0014710691
2015-09-02,46.3,0.0202732481,0.0014686262
2015-09-03,46.75,0.0097192225,0.0014546467
2015-09-04,46.02,-0.0156149733,0.0014623761
2015-09-07,46.02,0,0.0014530292
2015-09-08,45.92,-0.0021729683,0.001442679
2015-09-09,44.13,-0.0389808362,0.0014789713
2015-09-10,45.85,0.0389757535,0.0015362502
2015-09-11,44.75,-0.0239912759,0.0015269651
2015-09-14,44.07,-0.0151955307,0.0014821476
2015-09-15,44.58,0.0115724983,0.0014825615
2015-09-16,47.12,0.0569762225,0.0015832246
2015-09-17,46.93,-0.0040322581,0.0015796055
2015-09-18,44.71,-0.0473044961,0.0016489532
2015-09-21,46.67,0.0438380675,0.0016923722
2015-09-22,46.17,-0.0107135205,0.0016338408
2015-09-23,44.53,-0.035520901,0.0016835087
2015-09-24,44.94,0.009207276,0.0016647887
2015-09-25,45.55,0.0135736538,0.0016685947
2015-09-28,44.4,-0.0252469813,0.0016880267
2015-09-29,45.24,0.0189189189,0.0016914294
2015-09-30,45.06,-0.0039787798,0.0016189286
2015-10-01,44.75,-0.0068797159,0.001622773
2015-10-02,45.54,0.0176536313,0.0016182902
2015-10-05,46.28,0.016249451,0.001493454
2015-10-06,48.53,0.0486171132,0.0015419581
2015-10-07,47.86,-0.0138058933,0.001537489
2015-10-08,49.46,0.0334308399,0.0012422901
2015-10-09,49.67,0.0042458552,0.0011108231
2015-10-12,47.09,-0.0519428226,0.0009593626
2015-10-13,46.7,-0.0082820132,0.0007530719
2015-10-14,46.63,-0.0014989293,0.0007404134
2015-10-15,46.38,-0.0053613554,0.0007385035
2015-10-16,47.3,0.0198361363,0.0007419961
2015-10-19,45.91,-0.0293868922,0.0007733622
2015-10-20,45.84,-0.0015247223,0.000773266
2015-10-21,45.22,-0.0135253054,0.0007258796
2015-10-22,44.9,-0.0070765148,0.0006764807
2015-10-23,43.91,-0.0220489978,0.0006734426
2015-10-26,43.19,-0.016397176,0.0006747246
2015-10-27,43.21,0.0004630702,0.0006697063
2015-10-28,45.93,0.0629483916,0.0006946576
2015-10-29,46.02,0.0019595036,0.0006944022
2015-10-30,46.6,0.012603216,0.0006199074
2015-11-02,46.12,-0.0103004292,0.0005601958
2015-11-03,47.88,0.0381613183,0.0006041341
2015-11-04,46.32,-0.0325814536,0.0005969166
2015-11-05,45.27,-0.0226683938,0.0006140642
2015-11-06,44.32,-0.0209851999,0.0006228071
2015-11-09,43.87,-0.0101534296,0.000604759
2015-11-10,44.23,0.0082060634,0.0005945254
2015-11-11,42.95,-0.0289396337,0.0006213381
2015-11-12,41.74,-0.0281722934,0.0006446449
2015-11-13,40.69,-0.0251557259,0.0006476809
2015-11-16,41.68,0.0243303023,0.0006608284
2015-11-17,40.73,-0.0227927063,0.0005757807
2015-11-18,40.75,0.0004910385,0.000574451
2015-11-19,40.55,-0.0049079755,0.0005216465
2015-11-20,39.39,-0.0286066584,0.0005336191
2015-11-23,39.27,-0.0030464585,0.0004632558
2015-11-24,40.89,0.0412528648,0.0005366139
2015-11-25,41.22,0.0080704329,0.0005414243
2015-11-26,41.22,0,0.0005418212
2015-11-27,40.57,-0.0157690442,0.0005263713
2015-11-30,40.43,-0.0034508257,0.0005049081
2015-12-01,40.58,0.0037101163,0.0005067106
2015-12-02,39.93,-0.0160177427,0.0005085872
2015-12-03,41.08,0.0288004007,0.0005436224
2015-12-04,40,-0.0262901655,0.0005498814
2015-12-07,37.64,-0.059,0.0006502104
2015-12-08,37.46,-0.0047821467,0.0006494184
2015-12-09,37.16,-0.0080085424,0.0004874959
2015-12-10,36.76,-0.0107642626,0.0004852046
2015-12-11,35.65,-0.0301958651,0.0004877354
2015-12-14,36.31,0.018513324,0.0005121346
2015-12-15,37.32,0.0278160286,0.0004829874
2015-12-16,35.55,-0.0474276527,0.0005154652
2015-12-17,34.98,-0.0160337553,0.000510464
2015-12-18,34.72,-0.0074328188,0.0005047397
2015-12-21,34.55,-0.0048963134,0.0005048289
2015-12-22,36.12,0.0454413893,0.0005918478
2015-12-23,36.76,0.0177187154,0.0005920218
2015-12-24,37.62,0.0233949946,0.0005978498
2015-12-25,37.62,0,0.0005807975
2015-12-28,36.36,-0.033492823,0.0005859341
2015-12-29,37.88,0.0418041804,0.0006424497
2015-12-30,36.59,-0.0340549102,0.0006760487
2015-12-31,37.13,0.0147581306,0.0006866989
2016-01-01,37.13,0,0.0006626684
2016-01-04,36.81,-0.0086183679,0.0006642414
2016-01-05,35.97,-0.0228198859,0.0006107022
2016-01-06,33.97,-0.0556018905,0.0006929798
2016-01-07,33.29,-0.0200176626,0.0006979293
2016-01-08,33.2,-0.0027035146,0.0006954993
2016-01-11,31.42,-0.0536144578,0.0007694469
2016-01-12,30.42,-0.0318268619,0.0007828584
2016-01-13,30.42,0,0.0007838555
2016-01-14,31.22,0.0262984878,0.0007776032
2016-01-15,29.45,-0.0566944266,0.0008452425
2016-01-18,29.45,0,0.0007608442
2016-01-19,28.47,-0.0332767402,0.0007820281
2016-01-20,26.68,-0.0628731999,0.0008796567
2016-01-21,29.55,0.1075712144,0.0013447115
2016-01-22,32.07,0.0852791878,0.001601352
2016-01-25,30.31,-0.0548799501,0.001673229
2016-01-26,29.54,-0.025404157,0.001646439
2016-01-27,32.32,0.0941096818,0.0019193831
2016-01-28,33.21,0.0275371287,0.0019412818
2016-01-29,33.66,0.0135501355,0.0019463738
2016-02-01,31.62,-0.0606060606,0.0020682141
2016-02-02,29.9,-0.0543959519,0.0020740386
2016-02-03,32.29,0.0799331104,0.0023018047
2016-02-04,31.63,-0.0204397646,0.0022853903
2016-02-05,30.86,-0.0243439772,0.002297283
2016-02-08,29.71,-0.037265068,0.0023050413
2016-02-09,27.96,-0.0589027264,0.0023137297
2016-02-10,27.54,-0.0150214592,0.0022928865
2016-02-11,26.19,-0.0490196078,0.0023268667
2016-02-12,29.32,0.1195112638,0.0028892456
2016-02-15,29.32,0,0.0028904531
2016-02-16,29.05,-0.0092087312,0.0028810249
2016-02-17,30.68,0.0561101549,0.0029128882
2016-02-18,30.77,0.0029335072,0.0029019591
2016-02-19,29.59,-0.0383490413,0.002947874
2016-02-22,31.37,0.0601554579,0.0029778251
2016-02-23,31.84,0.0149824673,0.0029437617
2016-02-24,30.35,-0.0467964824,0.0030261493
2016-02-25,31.4,0.0345963756,0.0030427218
2016-02-26,31.65,0.0079617834,0.0029220139
2016-02-29,32.74,0.0344391785,0.0029525673
2016-03-01,34.39,0.0503970678,0.0029654704
2016-03-02,34.57,0.0052340797,0.0027885165
2016-03-03,34.56,-0.0002892682,0.002450432
2016-03-04,35.91,0.0390625,0.0022701948
2016-03-07,37.9,0.0554163186,0.0022213363
2016-03-08,36.67,-0.0324538259,0.0022394909
2016-03-09,37.62,0.0259067358,0.0019909015
2016-03-10,37.77,0.0039872408,0.0019744433
2016-03-11,38.51,0.019592269,0.0019791247
2016-03-14,37.2,-0.0340171384,0.0018815849
2016-03-15,36.32,-0.023655914,0.001784357
2016-03-16,38.43,0.0580947137,0.0016909349
2016-03-17,40.17,0.0452771272,0.0017122489
2016-03-18,39.47,-0.0174259398,0.0016980257
2016-03-21,39.91,0.0111477071,0.0016215424
2016-03-22,41.45,0.0385868203,0.0014706803
2016-03-23,38.28,-0.076477684,0.0017191774
2016-03-24,38.14,-0.0036572623,0.0015973213
2016-03-25,38.14,0,0.0011985759
2016-03-28,37.99,-0.0039328789,0.001201637
2016-03-29,36.91,-0.0284285338,0.0012384227
2016-03-30,36.91,0,0.0011595705
2016-03-31,36.94,0.0008127879,0.0011602776
2016-04-01,35.36,-0.0427720628,0.0011746628
2016-04-04,34.3,-0.0299773756,0.001112089
2016-04-05,34.52,0.0064139942,0.001107763
2016-04-06,37.74,0.0932792584,0.001278482
2016-04-07,37.3,-0.0116587175,0.0012646508
2016-04-08,39.74,0.0654155496,0.0013810204
2016-04-11,40.46,0.0181177655,0.0013604517
2016-04-12,42.12,0.041028176,0.0013358112
2016-04-13,41.7,-0.00997151,0.0013458114
2016-04-14,41.45,-0.0059952038,0.0013497312
2016-04-15,40.4,-0.025331725,0.0013443364
2016-04-18,39.74,-0.0163366337,0.001264377
2016-04-19,40.88,0.028686462,0.0012429219
2016-04-20,42.72,0.0450097847,0.0012836526
2016-04-21,43.18,0.0107677903,0.0012847768
2016-04-22,42.76,-0.0097267253,0.0012840994
2016-04-25,41.67,-0.0254911132,0.0012641042
2016-04-26,42.52,0.0203983681,0.0012435771
2016-04-27,45.29,0.0651458137,0.0012706343
2016-04-28,46.03,0.0163391477,0.0012203548
2016-04-29,45.98,-0.0010862481,0.0012038341
2016-05-02,44.75,-0.0267507612,0.0012374115
2016-05-03,43.65,-0.0245810056,0.0012215449
2016-05-04,43.77,0.0027491409,0.0010002961
2016-05-05,44.33,0.0127941512,0.0009995533
2016-05-06,44.58,0.0056395218,0.0009984754
2016-05-09,43.45,-0.0253476895,0.0010279667
2016-05-10,44.68,0.0283084005,0.001004579
2016-05-11,46.21,0.0342435094,0.0010274593
2016-05-12,46.64,0.0093053452,0.0010256515
2016-05-13,46.22,-0.0090051458,0.000944754
2016-05-16,47.72,0.0324534833,0.0009050772
2016-05-17,48.29,0.0119446773,0.0009041593
2016-05-18,48.12,-0.0035203976,0.0006717424
2016-05-19,48.16,0.0008312552,0.0006596199
2016-05-20,47.67,-0.0101744186,0.0005552923
2016-05-23,48.12,0.0094398993,0.0005507586
2016-05-24,48.04,-0.0016625104,0.0005085524
2016-05-25,49.1,0.0220649459,0.0005104899
2016-05-26,49,-0.0020366599,0.0005078183
2016-05-27,49.36,0.0073469388,0.0004731728
2016-05-30,49.36,0,0.000455861
2016-05-31,49.1,-0.005267423,0.0004446073
2016-06-01,49.07,-0.000610998,0.0003923101
2016-06-02,49.14,0.0014265335,0.0003913851
2016-06-03,48.69,-0.0091575092,0.0003908372
2016-06-06,49.71,0.0209488601,0.0003665931
2016-06-07,50.37,0.0132770066,0.0003612478
2016-06-08,51.23,0.017073655,0.0002416453
2016-06-09,50.52,-0.013859067,0.0002468301
2016-06-10,49.09,-0.0283056215,0.000279622
2016-06-13,48.89,-0.0040741495,0.0002513007
2016-06-14,48.49,-0.0081816322,0.0002289869
2016-06-15,47.92,-0.011755001,0.0002368718
2016-06-16,46.14,-0.0371452421,0.0002867465
2016-06-17,48,0.0403120936,0.0003367816
2016-06-20,49.4,0.0291666667,0.0003306602
2016-06-21,48.95,-0.0091093117,0.0003157527
2016-06-22,49.16,0.0042900919,0.0002815293
2016-06-23,49.34,0.0036615134,0.0002798257
2016-06-24,46.7,-0.0535062829,0.0003796508
2016-06-27,45.8,-0.0192719486,0.0003549516
2016-06-28,47.93,0.0465065502,0.0004260888
2016-06-29,49.85,0.0400584185,0.0004789417
2016-06-30,48.27,-0.0316950853,0.0005155044
2016-07-01,49.02,0.015537601,0.0005189227
2016-07-04,49.02,0,0.0005165172
2016-07-05,46.73,-0.0467156263,0.0005920385
2016-07-06,47.37,0.0136956987,0.0005812717
2016-07-07,45.22,-0.045387376,0.0006472739
2016-07-08,45.37,0.0033171163,0.0006451181
2016-07-11,44.73,-0.0141062376,0.0006493262
2016-07-12,46.82,0.0467247932,0.0007311681
2016-07-13,44.87,-0.041648868,0.0007855546
2016-07-14,45.64,0.0171606864,0.0007981731
2016-07-15,45.93,0.0063540754,0.0007986146
2016-07-18,45.23,-0.0152405835,0.0007861026
2016-07-19,44.64,-0.0130444395,0.000780081
2016-07-20,44.96,0.0071684588,0.0007692019
2016-07-21,43.96,-0.0222419929,0.0007772617
2016-07-22,43.41,-0.012511374,0.0007593733
2016-07-25,42.4,-0.0232665284,0.0007721167
2016-07-26,42.16,-0.0056603774,0.0007716645
2016-07-27,41.9,-0.0061669829,0.000769824
2016-07-28,41.13,-0.0183770883,0.000738783
2016-07-29,41.54,0.0099683929,0.0006778602
2016-08-01,40.05,-0.0358690419,0.0006679445
2016-08-02,39.5,-0.013732834,0.0006694426
2016-08-03,40.8,0.0329113924,0.000718639
2016-08-04,41.92,0.0274509804,0.0007531021
2016-08-05,41.83,-0.0021469466,0.0006694053
2016-08-08,43.06,0.0294047334,0.0006949054
2016-08-09,42.78,-0.0065025546,0.0006122701
2016-08-10,41.75,-0.0240766713,0.0005567814
2016-08-11,43.51,0.0421556886,0.0006057912
2016-08-12,44.47,0.0220638934,0.0006156272
2016-08-15,45.72,0.0281088374,0.0006476712
2016-08-16,46.57,0.0185914261,0.0005884736
2016-08-17,46.81,0.0051535323,0.0005829376
2016-08-18,48.2,0.0296945097,0.0005364234
2016-08-19,48.48,0.0058091286,0.0005367901
2016-08-22,46.8,-0.0346534653,0.0005743538
2016-08-23,47.54,0.0158119658,0.0005104014
2016-08-24,46.29,-0.0262936475,0.0004733553
2016-08-25,46.97,0.0146899978,0.0004708507
2016-08-26,47.64,0.0142644241,0.0004757564
2016-08-29,46.97,-0.0140638119,0.0004744481
2016-08-30,46.32,-0.0138386204,0.0004752651
2016-08-31,44.68,-0.0354058722,0.0005189277
2016-09-01,43.17,-0.0337958818,0.0005411341
2016-09-02,44.39,0.028260366,0.000562329
2016-09-05,44.39,0,0.0005414094
2016-09-06,44.85,0.0103626943,0.0005417324
2016-09-07,45.47,0.0138238573,0.0005433445
2016-09-08,47.63,0.0475038487,0.0005909289
2016-09-09,45.88,-0.0367415494,0.0006482579
2016-09-12,46.28,0.0087183958,0.0005930623
2016-09-13,44.91,-0.0296024201,0.000622088
2016-09-14,43.62,-0.0287241149,0.0006283269
2016-09-15,43.85,0.0052728106,0.0006066115
2016-09-16,43.04,-0.0184720639,0.0006199331
2016-09-19,43.34,0.0069702602,0.0005931498
2016-09-20,43.85,0.0117674204,0.0005954494
2016-09-21,45.33,0.0337514253,0.0006064636
2016-09-22,46.1,0.0169865431,0.0005596817
2016-09-23,44.36,-0.0377440347,0.0005969843
2016-09-26,45.6,0.0279531109,0.0005966854
2016-09-27,44.65,-0.0208333333,0.000598495
2016-09-28,47.07,0.0541993281,0.0006998726
2016-09-29,47.72,0.0138092203,0.0006763249
2016-09-30,47.72,0,0.0006751196
2016-10-03,48.8,0.0226320201,0.0006483941
2016-10-04,48.67,-0.0026639344,0.0006418024
2016-10-05,49.75,0.0221902609,0.0006285859
2016-10-06,50.44,0.0138693467,0.0006279302
2016-10-07,49.76,-0.013481364,0.0006314275
2016-10-10,49.76,0,0.0006226759
2016-10-11,50.72,0.0192926045,0.0006225598
2016-10-12,50.14,-0.0114353312,0.0005776769
2016-10-13,50.47,0.0065815716,0.000526414
2016-10-14,50.35,-0.0023776501,0.0005095587
2016-10-17,49.97,-0.0075471698,0.0005137754
2016-10-18,50.3,0.0066039624,0.0005126494
2016-10-19,51.59,0.0256461233,0.0005252553
2016-10-20,50.31,-0.0248110099,0.0004849544
2016-10-21,50.61,0.0059630292,0.0004314666
2016-10-24,50.18,-0.0084963446,0.0004351302
2016-10-25,49.45,-0.0145476285,0.0004089287
2016-10-26,48.75,-0.0141557128,0.0003837158
2016-10-27,49.71,0.0196923077,0.0003920143
2016-10-28,48.72,-0.01991551,0.0003943584
2016-10-31,46.83,-0.0387931034,0.0004558349
2016-11-01,46.66,-0.0036301516,0.0004542201
2016-11-02,45.32,-0.0287183883,0.0004487641
2016-11-03,44.66,-0.0145631068,0.0004454382
2016-11-04,44.07,-0.013210927,0.0004030658
2016-11-07,44.88,0.0183798502,0.0003876489
2016-11-08,44.96,0.0017825312,0.0003727407
2016-11-09,45.2,0.0053380783,0.0002710647
2016-11-10,44.62,-0.0128318584,0.0002671116
2016-11-11,43.39,-0.0275661139,0.0002884358
2016-11-14,43.29,-0.0023046785,0.0002650382
2016-11-15,45.86,0.0593670594,0.0003984036
2016-11-16,45.56,-0.0065416485,0.0003784053
2016-11-17,45.37,-0.0041703248,0.0003685802
2016-11-18,45.69,0.0070531188,0.0003682857
2016-11-21,47.48,0.0391770628,0.0004266445
2016-11-22,48.07,0.0124262848,0.0004184372
2016-11-23,46.72,-0.0280840441,0.0004389844
2016-11-24,46.72,0,0.0004364688
2016-11-25,46.72,0,0.0004366545
2016-11-28,45.66,-0.0226883562,0.0004497944
2016-11-29,45.29,-0.0081033728,0.0004474797
2016-11-30,49.41,0.0909693089,0.0007200166
2016-12-01,51.08,0.0337988261,0.0007386768
2016-12-02,51.7,0.012137823,0.0007421234
2016-12-05,51.72,0.0003868472,0.0007388992
2016-12-06,50.95,-0.0148878577,0.0007392762
2016-12-07,49.85,-0.0215897939,0.0007490654
2016-12-08,50.84,0.0198595787,0.0007492809
2016-12-09,51.51,0.0131785995,0.0007378175
2016-12-12,52.74,0.0238788585,0.0006915381
2016-12-13,52.99,0.0047402351,0.0006892988
2016-12-14,51.01,-0.0373655407,0.0007116452
2016-12-15,50.9,-0.0021564399,0.0007006485
2016-12-16,51.93,0.0202357564,0.0006966254
2016-12-19,52.13,0.0038513383,0.0006910707
2016-12-20,52.22,0.0017264531,0.0006910845
2016-12-21,51.44,-0.0149368058,0.0007047726
2016-12-22,51.98,0.0104976672,0.0006947845
2016-12-23,52.01,0.0005771451,0.0006571439
2016-12-26,52.01,0,0.0006559425
2016-12-27,52.82,0.0155739281,0.0005600332
2016-12-28,54.01,0.0225293449,0.0005650946
2016-12-29,53.8,-0.0038881689,0.0005649002
2016-12-30,53.75,-0.000929368,0.0005664242
2017-01-02,53.75,0,0.0005271275
2017-01-03,52.36,-0.0258604651,0.0005547738
2017-01-04,53.26,0.0171886937,0.0005256829
2017-01-05,53.77,0.0095756665,0.0005256856
2017-01-06,53.98,0.0039055235,0.0005248626
2017-01-09,51.95,-0.0376065209,0.0005608435
2017-01-10,50.82,-0.0217516843,0.0005789875
2017-01-11,52.19,0.0269578906,0.000332172
2017-01-12,53.01,0.0157118222,0.000303396
2017-01-13,52.36,-0.0122618374,0.0003051461
2017-01-16,52.36,0,0.000305156
2017-01-17,52.45,0.0017188694,0.0002966582
2017-01-18,51.12,-0.0253574833,0.0003030303
2017-01-19,51.39,0.0052816901,0.0002911396
2017-01-20,52.33,0.0182914964,0.0002964814
2017-01-23,52.77,0.0084081789,0.000279698
2017-01-24,52.38,-0.0073905628,0.0002807673
2017-01-25,52.14,-0.0045819015,0.0002326749
2017-01-26,53.24,0.0210970464,0.0002458878
2017-01-27,53.18,-0.0011269722,0.0002336718
2017-01-30,52.63,-0.0103422339,0.0002375046
2017-01-31,52.75,0.0022800684,0.0002375642
2017-02-01,53.9,0.0218009479,0.0002435632
2017-02-02,53.55,-0.0064935065,0.00024285
2017-02-03,53.81,0.0048552754,0.0002433028
2017-02-06,53.01,-0.0148671251,0.000251955
2017-02-07,52.19,-0.0154687795,0.0002523561
2017-02-08,52.37,0.0034489366,0.0002344802
2017-02-09,52.99,0.011838839,0.0002394985
2017-02-10,53.84,0.0160407624,0.0002484658
2017-02-13,52.96,-0.0163447251,0.0002575697
2017-02-14,53.21,0.0047205438,0.0002349793
2017-02-15,53.11,-0.001879346,0.0002253513
2017-02-16,53.41,0.0056486537,0.0002232761
2017-02-17,53.41,0,0.0002227015
2017-02-20,53.41,0,0.000172946
2017-02-21,54.02,0.0114210822,0.0001575583
2017-02-22,53.61,-0.0075897816,0.0001381491
2017-02-23,54.48,0.0162283156,0.0001386834
2017-02-24,53.99,-0.0089941263,0.0001360553
2017-02-27,54.04,0.0009260974,0.0001360144
2017-02-28,54,-0.0007401925,0.0001361142
2017-03-01,53.82,-0.0033333333,0.0001121922
2017-03-02,52.63,-0.0221107395,0.0001305719
2017-03-03,53.33,0.013300399,0.0001254014
2017-03-06,53.19,-0.0026251641,0.0001235876
2017-03-07,52.68,-0.0095882685,0.0001249179
2017-03-08,49.83,-0.0541002278,0.000223157
2017-03-09,48.75,-0.0216736905,0.0002177754
2017-03-10,48.05,-0.0143589744,0.0002220615
2017-03-13,47.95,-0.0020811655,0.0002203052
2017-03-14,47.24,-0.0148070907,0.0002238256
2017-03-15,48.34,0.0232853514,0.0002264954
2017-03-16,48.3,-0.0008274721,0.0002264003
2017-03-17,48.34,0.0008281573,0.0002246696
2017-03-20,47.79,-0.011377741,0.0002223296
2017-03-21,47.02,-0.0161121574,0.0002228816
2017-03-22,47.29,0.0057422373,0.0002241341
2017-03-23,47,-0.0061323747,0.0002161546
2017-03-24,47.3,0.0063829787,0.0002059924
2017-03-27,47.02,-0.0059196617,0.000200888
2017-03-28,48.36,0.0284985113,0.0002338035
2017-03-29,49.47,0.0229528536,0.0002563909
2017-03-30,50.3,0.0167778452,0.0002665732
2017-03-31,50.54,0.0047713718,0.0002679467
2017-04-03,50.25,-0.0057380293,0.000268368
2017-04-04,50.99,0.0147263682,0.0002717687
2017-04-05,51.14,0.0029417533,0.0002712531
2017-04-06,51.69,0.0107547908,0.0002655828
2017-04-07,52.25,0.010833817,0.0002686054
2017-04-10,53.06,0.0155023923,0.0002775839
2017-04-11,53.38,0.0060309084,0.0002789879
2017-04-12,53.12,-0.0048707381,0.0002793938
2017-04-13,53.19,0.0013177711,0.0002624491
2017-04-14,53.19,0,0.0002565871
2017-04-17,52.62,-0.0107163001,0.0002602552
2017-04-18,52.46,-0.0030406689,0.0002574593
2017-04-19,50.49,-0.0375524209,0.0002048618
2017-04-20,50.26,-0.0045553575,0.0001884073
2017-04-21,49.64,-0.0123358536,0.0001863856
2017-04-24,48.9,-0.0149073328,0.0001947504
2017-04-25,49.22,0.0065439673,0.0001870407
2017-04-26,49.22,0,0.0001700655
2017-04-27,48.96,-0.0052824055,0.0001711914
2017-04-28,49.31,0.0071486928,0.0001726506
2017-05-01,48.83,-0.0097343338,0.0001713665
2017-05-02,47.65,-0.024165472,0.000182922
2017-05-03,47.79,0.0029380902,0.0001821766
2017-05-04,45.55,-0.0468717305,0.0002559629
2017-05-05,46.23,0.0149286498,0.0002627006
2017-05-08,46.46,0.0049751244,0.0002626857
2017-05-09,45.84,-0.0133448127,0.0002380265
2017-05-10,47.28,0.0314136126,0.0002547776
2017-05-11,47.81,0.0112098139,0.000248837
2017-05-12,47.83,0.0004183225,0.0002475651
2017-05-15,48.86,0.0215346017,0.0002647904
2017-05-16,48.64,-0.0045026607,0.0002565184
2017-05-17,49.04,0.0082236842,0.0002590468
2017-05-18,49.36,0.0065252855,0.0002561355
2017-05-19,50.32,0.0194489465,0.0002658848
2017-05-22,50.81,0.0097376789,0.0002603825
2017-05-23,51.12,0.0061011612,0.0002604182
2017-05-24,50.99,-0.002543036,0.0002600278
2017-05-25,48.57,-0.0474602863,0.0003307461
2017-05-26,49.58,0.0207947293,0.0003492648
2017-05-29,49.58,0,0.0003467759
2017-05-30,49.63,0.0010084712,0.0003469792
2017-05-31,48.29,-0.0269997985,0.0003245821
2017-06-01,48.32,0.0006212466,0.0003243221
2017-06-02,47.68,-0.0132450331,0.0003250509
2017-06-05,47.4,-0.0058724832,0.0003192202
2017-06-06,48.13,0.0154008439,0.0003263707
2017-06-07,45.8,-0.0484105547,0.0004025322
2017-06-08,45.68,-0.0026200873,0.0004022025
2017-06-09,45.82,0.0030647986,0.0004001504
2017-06-12,46.1,0.0061108686,0.000400338
2017-06-13,46.41,0.0067245119,0.0003843264
2017-06-14,44.79,-0.0349062702,0.0004225979
2017-06-15,44.47,-0.0071444519,0.0003521325
2017-06-16,44.73,0.0058466382,0.0003451388
2017-06-19,44.24,-0.0109546166,0.0003471104
2017-06-20,43.34,-0.0203435805,0.0003544793
2017-06-21,42.48,-0.0198431011,0.000325021
2017-06-22,42.53,0.0011770245,0.0003182657
2017-06-23,42.86,0.0077592288,0.0003221657
2017-06-26,43.24,0.0088660756,0.0003056497
2017-06-27,44.25,0.0233580019,0.0003303935
2017-06-28,44.74,0.0110734463,0.0003328672
2017-06-29,44.88,0.0031291909,0.0003310463
2017-06-30,46.02,0.0254010695,0.000341444
2017-07-03,46.02,0,0.0003361811
2017-07-04,46.02,0,0.0003335376
2017-07-05,45.11,-0.0197740113,0.0003424951
2017-07-06,45.52,0.0090888938,0.0002792371
2017-07-07,44.25,-0.0278998243,0.0002816483
2017-07-10,44.4,0.0033898305,0.0002828837
2017-07-11,45.06,0.0148648649,0.0002936237
2017-07-12,45.48,0.0093209055,0.0002776588
2017-07-13,46.06,0.0127528584,0.0002846411
2017-07-14,46.53,0.0102040816,0.000283905
2017-07-17,46.02,-0.0109606705,0.000286592
2017-07-18,46.4,0.0082572794,0.0002802898
2017-07-19,47.1,0.0150862069,0.0002074297
2017-07-20,46.73,-0.0078556263,0.0002096629
2017-07-21,45.78,-0.0203295527,0.0002243485
2017-07-24,46.21,0.0093927479,0.0002260725
2017-07-25,47.77,0.0337589266,0.0002626189
2017-07-26,48.58,0.0169562487,0.0002235256
2017-07-27,49.05,0.0096747633,0.0002213978
2017-07-28,49.72,0.0136595311,0.0002247616
2017-07-31,50.21,0.0098551891,0.0002182505
2017-08-01,49.19,-0.0203146784,0.0002182013
2017-08-02,49.6,0.0083350274,0.0001976825
2017-08-03,49.03,-0.0114919355,0.0002066124
2017-08-04,49.57,0.0110136651,0.000207618
2017-08-07,49.37,-0.0040346984,0.0002096908
2017-08-08,49.07,-0.0060765647,0.0002003511
2017-08-09,49.59,0.0105971062,0.0002001115
2017-08-10,48.54,-0.0211736237,0.0002204764
2017-08-11,48.81,0.0055624227,0.0002025681
2017-08-14,47.59,-0.0249948781,0.0002269473
2017-08-15,47.57,-0.0004202564,0.0002269888
2017-08-16,46.8,-0.0161866723,0.0002222251
2017-08-17,47.07,0.0057692308,0.0002208171
2017-08-18,48.59,0.0322923306,0.0002206897
2017-08-21,47.39,-0.0246964396,0.000246675
2017-08-22,47.65,0.0054863895,0.0002414761
2017-08-23,48.45,0.0167890871,0.0002471155
2017-08-24,47.24,-0.0249742002,0.0002671814
2017-08-25,47.65,0.0086790855,0.0002662881
2017-08-28,46.4,-0.0262329486,0.0002865782
2017-08-29,46.46,0.0012931034,0.0002844272
2017-08-30,45.96,-0.0107619458,0.000280127
2017-08-31,47.26,0.0282854656,0.0003057835
2017-09-01,47.32,0.0012695726,0.0002902713
2017-09-04,47.32,0,0.0002879334
2017-09-05,48.63,0.0276838546,0.0002754095
2017-09-06,49.13,0.0102817191,0.0002694245
2017-09-07,49.1,-0.0006106249,0.0002664467
2017-09-08,47.44,-0.033808554,0.0002973703
2017-09-11,48.06,0.01306914,0.0003002136
2017-09-12,48.21,0.0031210986,0.0002878088
2017-09-13,49.3,0.0226094171,0.000303329
2017-09-14,49.86,0.0113590264,0.0003027113
2017-09-15,49.9,0.0008022463,0.0002989283
2017-09-18,49.88,-0.0004008016,0.0002982656
2017-09-19,49.54,-0.0068163593,0.0002986187
2017-09-20,50.29,0.0151392814,0.0003024811
2017-09-21,50.58,0.005766554,0.0002861937
2017-09-22,50.33,-0.0049426651,0.0002869377
2017-09-25,51.85,0.0302006755,0.000288922
